scale,true_omega2,power,mode,modality,combo_index,sigma,nni,eval_n
0.0,0.0,0.025,dilution,gene,0,0.0,0.0,4
0.8803418803418803,0.1264925233481971,0.175,dilution,gene,0,0.0,0.0,4
1.0245502645502644,0.1905421266333001,0.25,enhancement,gene,0,0.0,0.0,4
1.1125844525844526,0.21017759535570837,0.35,enhancement,gene,0,0.0,0.0,4
1.1846886446886447,0.22498416578977298,0.3375,enhancement,gene,0,0.0,0.0,4
1.2567928367928367,0.2397062299375333,0.3875,enhancement,gene,0,0.0,0.0,4
1.328897028897029,0.27402842888168394,0.4625,enhancement,gene,0,0.0,0.0,4
1.401001221001221,0.28104856266425116,0.4375,enhancement,gene,0,0.0,0.0,4
1.473105413105413,0.3178145718686538,0.4375,enhancement,gene,0,0.0,0.0,4
1.5452096052096052,0.33649052514477373,0.4875,enhancement,gene,0,0.0,0.0,4
1.6500122100122099,0.35107284345434586,0.65,enhancement,gene,0,0.0,0.0,4
1.7942205942205942,0.4039780323336819,0.7,enhancement,gene,0,0.0,0.0,4
1.9384289784289783,0.4307029381837343,0.8375,enhancement,gene,0,0.0,0.0,4
2.082637362637363,0.47852144626720877,0.7125,enhancement,gene,0,0.0,0.0,4
2.8120634920634915,0.607280807030805,0.8125,enhancement,gene,0,0.0,0.0,4
3.028376068376068,0.6602820923067885,0.85,enhancement,gene,0,0.0,0.0,4
9.583150183150183,0.9527084384544243,0.8,enhancement,gene,0,0.0,0.0,4
9.79946275946276,0.9529316174253525,0.875,enhancement,gene,0,0.0,0.0,4
10.015775335775334,0.95431591627904,0.8375,enhancement,gene,0,0.0,0.0,4
20.6,0.9892672380694884,0.8625,enhancement,gene,0,0.0,0.0,4
0.0,0.00039347410910122555,0.0125,dilution,gene,1,0.25,0.0,4
0.5282051282051281,0.05480878828783843,0.0625,dilution,gene,1,0.25,0.0,4
0.6363614163614163,0.08545114319508919,0.125,dilution,gene,1,0.25,0.0,4
0.7445177045177045,0.10340857831461836,0.15,dilution,gene,1,0.25,0.0,4
0.8526739926739927,0.13694343610131202,0.3,dilution,gene,1,0.25,0.0,4
0.9608302808302808,0.17110202800759577,0.3,dilution,gene,1,0.25,0.0,4
1.591801848944706,0.3473006269555596,0.725,enhancement,gene,1,0.25,0.0,4
1.6536054421768709,0.37463638446539455,0.5875,enhancement,gene,1,0.25,0.0,4
1.7154090354090354,0.3882495487407322,0.7,enhancement,gene,1,0.25,0.0,4
1.7772126286412,0.4088621929789104,0.7625,enhancement,gene,1,0.25,0.0,4
1.8390162218733648,0.4285110510850841,0.775,enhancement,gene,1,0.25,0.0,4
1.9008198151055293,0.43743653303385577,0.775,enhancement,gene,1,0.25,0.0,4
1.962623408337694,0.46294965743306155,0.575,enhancement,gene,1,0.25,0.0,4
2.0244270015698587,0.4885426415552236,0.825,enhancement,gene,1,0.25,0.0,4
2.086230594802023,0.4924618473717944,0.7375,enhancement,gene,1,0.25,0.0,4
4.472136752136751,0.8101158254333621,0.75,enhancement,gene,1,0.25,0.0,4
4.829304029304029,0.8233128179868836,0.8625,enhancement,gene,1,0.25,0.0,4
5.045616605616605,0.8476794683958557,0.8,enhancement,gene,1,0.25,0.0,4
5.261929181929181,0.8620747485660374,0.8125,enhancement,gene,1,0.25,0.0,4
8.315457875457875,0.9363273617227836,0.775,enhancement,gene,1,0.25,0.0,4
20.6,0.989270109486294,0.8375,enhancement,gene,1,0.25,0.0,4
0.0,0.0,0.0625,dilution,gene,2,0.5,0.25,4
0.5814814814814815,0.08316476056157711,0.1875,dilution,gene,2,0.5,0.25,4
0.7240564373897708,0.09714461115974277,0.1625,dilution,gene,2,0.5,0.25,4
0.7972089947089948,0.14600228420596134,0.2375,dilution,gene,2,0.5,0.25,4
0.8506746031746033,0.15315445255877558,0.225,dilution,gene,2,0.5,0.25,4
0.9041402116402117,0.16153390347718855,0.2625,dilution,gene,2,0.5,0.25,4
0.9576058201058202,0.17660093563710844,0.3,dilution,gene,2,0.5,0.25,4
1.0110714285714286,0.19852321828762312,0.3375,enhancement,gene,2,0.5,0.25,4
1.064537037037037,0.23632870680575627,0.4375,enhancement,gene,2,0.5,0.25,4
1.1180026455026455,0.24180690333811153,0.425,enhancement,gene,2,0.5,0.25,4
1.171468253968254,0.2541130056056462,0.4125,enhancement,gene,2,0.5,0.25,4
1.2249338624338626,0.2739151467949815,0.5125,enhancement,gene,2,0.5,0.25,4
1.282751322751322,0.27627263598949325,0.475,enhancement,gene,2,0.5,0.25,4
1.7104761904761907,0.4151270065514196,0.725,enhancement,gene,2,0.5,0.25,4
2.9571781305114637,0.6836704270894325,0.8625,enhancement,gene,2,0.5,0.25,4
3.099753086419753,0.6907361401107127,0.825,enhancement,gene,2,0.5,0.25,4
3.2423280423280425,0.7134510211146299,0.825,enhancement,gene,2,0.5,0.25,4
20.6,0.9904640392347853,0.925,enhancement,gene,2,0.5,0.25,4
0.0,0.001188547841055568,0.0375,dilution,gene,3,0.75,0.5,4
1.0166666666666668,0.16139146459937942,0.2125,enhancement,gene,3,0.75,0.5,4
1.2305291005291006,0.23018331804982012,0.3,enhancement,gene,3,0.75,0.5,4
1.3148030570252793,0.2532127786977025,0.4,enhancement,gene,3,0.75,0.5,4
1.3623280423280424,0.2603120353759463,0.4625,enhancement,gene,3,0.75,0.5,4
1.4098530276308057,0.2726633924677904,0.35,enhancement,gene,3,0.75,0.5,4
1.4573780129335687,0.2643168814564972,0.3375,enhancement,gene,3,0.75,0.5,4
1.5049029982363318,0.29162215110068357,0.5375,enhancement,gene,3,0.75,0.5,4
1.5524279835390948,0.28883167722791836,0.45,enhancement,gene,3,0.75,0.5,4
1.599952968841858,0.3224807723216435,0.4875,enhancement,gene,3,0.75,0.5,4
1.647477954144621,0.33650780103124317,0.6375,enhancement,gene,3,0.75,0.5,4
1.695002939447384,0.3485138295063847,0.5375,enhancement,gene,3,0.75,0.5,4
1.7425279247501473,0.3535537710579893,0.6125,enhancement,gene,3,0.75,0.5,4
1.7900529100529103,0.36271125540718085,0.575,enhancement,gene,3,0.75,0.5,4
2.1382010582010573,0.4604425138037371,0.8125,enhancement,gene,3,0.75,0.5,4
3.61037037037037,0.7083554460941714,0.875,enhancement,gene,3,0.75,0.5,4
8.215873015873015,0.9271672633224667,0.875,enhancement,gene,3,0.75,0.5,4
20.6,0.9872554017144087,0.9,enhancement,gene,3,0.75,0.5,4
0.0,0.0,0.05,dilution,gene,4,1.0,1.0,4
0.5282051282051281,0.04752622916663786,0.1375,dilution,gene,4,1.0,1.0,4
0.9608302808302808,0.13735652661819445,0.125,dilution,gene,4,1.0,1.0,4
1.1125844525844526,0.2020545367504546,0.325,enhancement,gene,4,1.0,1.0,4
1.1846886446886447,0.18847204632639483,0.3,enhancement,gene,4,1.0,1.0,4
1.2567928367928367,0.23644909163667446,0.35,enhancement,gene,4,1.0,1.0,4
1.328897028897029,0.23516988640382994,0.4125,enhancement,gene,4,1.0,1.0,4
1.401001221001221,0.27200115623450644,0.3875,enhancement,gene,4,1.0,1.0,4
1.473105413105413,0.2857821678967081,0.475,enhancement,gene,4,1.0,1.0,4
1.5452096052096052,0.30390299700820367,0.6,enhancement,gene,4,1.0,1.0,4
1.6827106227106226,0.35496680529599883,0.6,enhancement,gene,4,1.0,1.0,4
1.8990231990231987,0.40241813112377217,0.7125,enhancement,gene,4,1.0,1.0,4
3.174261294261294,0.6496273242682347,0.8,enhancement,gene,4,1.0,1.0,4
3.606886446886447,0.7095141410469662,0.7875,enhancement,gene,4,1.0,1.0,4
4.039511599511599,0.7573349096862567,0.8875,enhancement,gene,4,1.0,1.0,4
5.871880341880342,0.8631523537750108,0.825,enhancement,gene,4,1.0,1.0,4
5.98003663003663,0.8680928739239614,0.7875,enhancement,gene,4,1.0,1.0,4
6.088192918192918,0.8727921681123716,0.9,enhancement,gene,4,1.0,1.0,4
6.196349206349207,0.87945316959978,0.8375,enhancement,gene,4,1.0,1.0,4
6.304505494505495,0.8809869624291763,0.875,enhancement,gene,4,1.0,1.0,4
6.635262515262515,0.8931713305122814,0.825,enhancement,gene,4,1.0,1.0,4
20.6,0.9875333716740796,0.85,enhancement,gene,4,1.0,1.0,4
0.0,0.0,0.1,dilution,protein,0,0.0,0.0,7
0.3495574995610846,0.017200163490600953,0.15,dilution,protein,0,0.0,0.0,7
0.3560883541378382,0.01633608386042496,0.1125,dilution,protein,0,0.0,0.0,7
0.36261920871459175,0.01777164926849933,0.1375,dilution,protein,0,0.0,0.0,7
0.3691500632913453,0.018205973821567623,0.15,dilution,protein,0,0.0,0.0,7
0.5098671973695358,0.03366161395771043,0.2375,dilution,protein,0,0.0,0.0,7
0.5997803580541432,0.05337094232370066,0.3625,dilution,protein,0,0.0,0.0,7
0.6259037763611575,0.044050995425112024,0.3125,dilution,protein,0,0.0,0.0,7
0.640332408565613,0.048746559126353416,0.3875,dilution,protein,0,0.0,0.0,7
0.6533941177191203,0.05149796137216892,0.325,dilution,protein,0,0.0,0.0,7
0.82593018281661,0.08129131579183455,0.55,dilution,protein,0,0.0,0.0,7
0.8389918919701173,0.08537054179003437,0.575,dilution,protein,0,0.0,0.0,7
0.8520536011236244,0.08604385177630387,0.6,dilution,protein,0,0.0,0.0,7
0.8651153102771315,0.09595704040165878,0.575,dilution,protein,0,0.0,0.0,7
0.8781770194306388,0.09297257210140687,0.6375,dilution,protein,0,0.0,0.0,7
0.9206528875693694,0.09751304971440046,0.6,dilution,protein,0,0.0,0.0,7
0.9293606936717075,0.11080811843148307,0.65,dilution,protein,0,0.0,0.0,7
0.9380684997740456,0.10662137039335912,0.65,dilution,protein,0,0.0,0.0,7
0.9467763058763836,0.10162876312776206,0.6375,dilution,protein,0,0.0,0.0,7
1.1307540231781084,0.15140077240982397,0.85,enhancement,protein,0,0.0,0.0,7
1.3073908574284434,0.19563532362757968,0.9375,enhancement,protein,0,0.0,0.0,7
1.3204525665819506,0.19288242822496698,0.9375,enhancement,protein,0,0.0,0.0,7
1.368598634043134,0.19803461554633564,0.975,enhancement,protein,0,0.0,0.0,7
1.4579042733717644,0.22169550818488298,1.0,enhancement,protein,0,0.0,0.0,7
0.0,0.00042815453883098063,0.0375,dilution,protein,1,0.25,0.0,7
0.23236505144664707,0.006881724753455759,0.1,dilution,protein,1,0.25,0.0,7
0.23990100933747288,0.006211502831563677,0.075,dilution,protein,1,0.25,0.0,7
0.39719222345412847,0.02038903133365199,0.1625,dilution,protein,1,0.25,0.0,7
0.502608006508355,0.03310942203914491,0.225,dilution,protein,1,0.25,0.0,7
0.5804211531019985,0.04847011736380827,0.275,dilution,protein,1,0.25,0.0,7
0.630631663235059,0.05098247984253799,0.3125,dilution,protein,1,0.25,0.0,7
0.6532395369075367,0.052436994872271575,0.3625,dilution,protein,1,0.25,0.0,7
0.7424617732382212,0.06825192948513167,0.5,dilution,protein,1,0.25,0.0,7
0.7469833479727167,0.07640471418786317,0.475,dilution,protein,1,0.25,0.0,7
0.7515049227072123,0.0653842179873846,0.5,dilution,protein,1,0.25,0.0,7
0.7560264974417077,0.07473548165858163,0.55,dilution,protein,1,0.25,0.0,7
0.7605480721762032,0.07198836700468536,0.475,dilution,protein,1,0.25,0.0,7
0.7650696469106987,0.07763709576411415,0.45,dilution,protein,1,0.25,0.0,7
0.8823852332390432,0.08269576925974537,0.475,dilution,protein,1,0.25,0.0,7
0.889921191129869,0.09583731012952156,0.575,dilution,protein,1,0.25,0.0,7
0.8974571490206948,0.09054054167813277,0.65,dilution,protein,1,0.25,0.0,7
0.9897288194746438,0.11639166168813517,0.7375,dilution,protein,1,0.25,0.0,7
1.0123366931471214,0.12342367368673132,0.8,enhancement,protein,1,0.25,0.0,7
1.1075000683731313,0.14495495981208373,0.775,enhancement,protein,1,0.25,0.0,7
1.1188040052093702,0.13678910129715016,0.8125,enhancement,protein,1,0.25,0.0,7
1.1905708600068858,0.15637303875439365,0.9,enhancement,protein,1,0.25,0.0,7
1.2904661157689958,0.19541604743781468,0.9375,enhancement,protein,1,0.25,0.0,7
0.0,0.00022128687915076118,0.0375,dilution,protein,2,0.5,0.25,7
0.21413557164741948,0.005988955170560574,0.1375,dilution,protein,2,0.5,0.25,7
0.298094396951807,0.01277260054381727,0.125,dilution,protein,2,0.5,0.25,7
0.3129208014203436,0.00841821077353434,0.0625,dilution,protein,2,0.5,0.25,7
0.5449712713581376,0.03818841052688192,0.2625,dilution,protein,2,0.5,0.25,7
0.5597976758266742,0.04256990138141839,0.3125,dilution,protein,2,0.5,0.25,7
0.5746240802952107,0.045925777967383626,0.3375,dilution,protein,2,0.5,0.25,7
0.6552211045863836,0.05901106149977909,0.4,dilution,protein,2,0.5,0.25,7
0.6626343068206519,0.05609994107863519,0.3,dilution,protein,2,0.5,0.25,7
0.6700475090549202,0.05295845981403421,0.375,dilution,protein,2,0.5,0.25,7
0.6774607112891885,0.05126051944280295,0.35,dilution,protein,2,0.5,0.25,7
0.6849601135494366,0.058434660632860964,0.375,dilution,protein,2,0.5,0.25,7
0.6997865180179732,0.06427040134842854,0.3875,dilution,protein,2,0.5,0.25,7
0.7146129224865099,0.06225813041163418,0.5,dilution,protein,2,0.5,0.25,7
0.8018473487781322,0.08594006780507617,0.5625,dilution,protein,2,0.5,0.25,7
0.8166737532466689,0.08510343231273283,0.5625,dilution,protein,2,0.5,0.25,7
1.0487242231844627,0.12490128967090146,0.75,enhancement,protein,2,0.5,0.25,7
1.0635506276529993,0.13014527111825133,0.7875,enhancement,protein,2,0.5,0.25,7
1.078377032121536,0.13184508456199143,0.775,enhancement,protein,2,0.5,0.25,7
1.1757830614787823,0.159459499651274,0.9375,enhancement,protein,2,0.5,0.25,7
1.2778438922389415,0.17592808641614313,0.8875,enhancement,protein,2,0.5,0.25,7
1.524720766645272,0.25032621796594895,0.975,enhancement,protein,2,0.5,0.25,7
1.6260919971975918,0.2585397975421255,0.9875,enhancement,protein,2,0.5,0.25,7
0.0,0.0001867588845922705,0.05,dilution,protein,3,0.75,0.5,7
0.3564686288628942,0.01767819525499369,0.1,dilution,protein,3,0.75,0.5,7
0.43939860220371374,0.021657341206519277,0.175,dilution,protein,3,0.75,0.5,7
0.5223285755445332,0.03871775402819093,0.2625,dilution,protein,3,0.75,0.5,7
0.5596687729650068,0.04598743442866564,0.2625,dilution,protein,3,0.75,0.5,7
0.5970089703854806,0.04423869837307304,0.35,dilution,protein,3,0.75,0.5,7
0.6343491678059543,0.050315958330644985,0.35,dilution,protein,3,0.75,0.5,7
0.671689365226428,0.053137637690761956,0.3125,dilution,protein,3,0.75,0.5,7
0.7344729994938756,0.07275077852858403,0.4875,dilution,protein,3,0.75,0.5,7
0.7419410389779704,0.0723278704762917,0.525,dilution,protein,3,0.75,0.5,7
0.7494090784620651,0.07315533500176735,0.5625,dilution,protein,3,0.75,0.5,7
0.7568771179461599,0.06914563291015938,0.525,dilution,protein,3,0.75,0.5,7
0.7643451574302546,0.06874168262439918,0.5125,dilution,protein,3,0.75,0.5,7
0.7718131969143492,0.07384500528220504,0.4375,dilution,protein,3,0.75,0.5,7
0.960931165787733,0.11570544778674895,0.7125,dilution,protein,3,0.75,0.5,7
0.9671545320244785,0.1146701013720959,0.725,dilution,protein,3,0.75,0.5,7
0.9733778982612242,0.11034961821898509,0.75,dilution,protein,3,0.75,0.5,7
0.9796012644979698,0.11774589009449209,0.75,dilution,protein,3,0.75,0.5,7
0.9858246307347155,0.11323939622620076,0.6875,dilution,protein,3,0.75,0.5,7
0.9920479969714611,0.11800341620372727,0.6,dilution,protein,3,0.75,0.5,7
0.9982713632082068,0.12942150391169566,0.75,dilution,protein,3,0.75,0.5,7
1.376811232794443,0.2017279346501685,0.925,enhancement,protein,3,0.75,0.5,7
1.7780012608934859,0.30178210755903456,1.0,enhancement,protein,3,0.75,0.5,7
0.0,0.0,0.0625,dilution,protein,4,1.0,1.0,7
0.11135918515046928,0.0027610825773167784,0.0625,dilution,protein,4,1.0,1.0,7
0.34927896802750363,0.013397110948722904,0.15,dilution,protein,4,1.0,1.0,7
0.36448038060359944,0.01729076900736354,0.0875,dilution,protein,4,1.0,1.0,7
0.536645216058452,0.039588003139864276,0.35,dilution,protein,4,1.0,1.0,7
0.5670480412106436,0.04258641222326645,0.325,dilution,protein,4,1.0,1.0,7
0.5974508663628352,0.053042214813458624,0.4,dilution,protein,4,1.0,1.0,7
0.6278536915150268,0.048139718571229166,0.275,dilution,protein,4,1.0,1.0,7
0.751468279052426,0.0756088303551555,0.475,dilution,protein,4,1.0,1.0,7
0.7616025541031566,0.07054728943511437,0.575,dilution,protein,4,1.0,1.0,7
0.7717368291538871,0.07308695627676241,0.4375,dilution,protein,4,1.0,1.0,7
0.8201692366637737,0.08894682259111399,0.6,dilution,protein,4,1.0,1.0,7
0.8353706492398695,0.08629714267876382,0.6125,dilution,protein,4,1.0,1.0,7
0.8505720618159653,0.08849881515025794,0.675,dilution,protein,4,1.0,1.0,7
0.8777931959638577,0.09735026599333745,0.6625,dilution,protein,4,1.0,1.0,7
0.933767389558009,0.1082729204079577,0.775,dilution,protein,4,1.0,1.0,7
0.9439016646087396,0.10738778589720493,0.75,dilution,protein,4,1.0,1.0,7
0.9540359396594701,0.10787005870591151,0.7375,dilution,protein,4,1.0,1.0,7
0.9641702147102006,0.11261928292280693,0.75,dilution,protein,4,1.0,1.0,7
1.1040467784917953,0.14753416397820174,0.8875,enhancement,protein,4,1.0,1.0,7
1.1611404559578298,0.15563298777400467,0.9125,enhancement,protein,4,1.0,1.0,7
1.1763418685339255,0.15749145370415102,0.925,enhancement,protein,4,1.0,1.0,7
1.4476694069561005,0.22272414819932193,0.9625,enhancement,protein,4,1.0,1.0,7
