Taxon,syn_Cd_0001,syn_Cd_0002,syn_Cd_0003,syn_Cd_0004,syn_Cd_0005,syn_Cd_0006,syn_Cd_0007,syn_Cd_0008,syn_Cd_0009,syn_Cd_0010,syn_Cd_0011,syn_Cd_0012,syn_Cd_0013,syn_Cd_0014,syn_Cd_0015,syn_Cd_0016,syn_Cd_0017,syn_Cd_0018,syn_Cd_0019,syn_Cd_0020,syn_Cd_0021,syn_Cd_0022,syn_Cd_0023,syn_Cd_0024,syn_Cd_0025,syn_Cd_0026,syn_Cd_0027,syn_Cd_0028,syn_Cd_0029,syn_Cd_0030,syn_Cd_0031,syn_Cd_0032,syn_Cd_0033,syn_Cd_0034,syn_Cd_0035,syn_Cd_0036,syn_Cd_0037,syn_Cd_0038,syn_Cd_0039,syn_Cd_0040,syn_Ni_0001,syn_Ni_0002,syn_Ni_0003,syn_Ni_0004,syn_Ni_0005,syn_Ni_0006,syn_Ni_0007,syn_Ni_0008,syn_Ni_0009,syn_Ni_0010,syn_Ni_0011,syn_Ni_0012,syn_Ni_0013,syn_Ni_0014,syn_Ni_0015,syn_Ni_0016,syn_Ni_0017,syn_Ni_0018,syn_Ni_0019,syn_Ni_0020,syn_Ni_0021,syn_Ni_0022,syn_Ni_0023,syn_Ni_0024,syn_Ni_0025,syn_Ni_0026,syn_Ni_0027,syn_Ni_0028,syn_Ni_0029,syn_Ni_0030,syn_Ni_0031,syn_Ni_0032,syn_Ni_0033,syn_Ni_0034,syn_Ni_0035,syn_Ni_0036,syn_Ni_0037,syn_Ni_0038,syn_Ni_0039,syn_Ni_0040
MAG-1,0,0,2,0,0,0,1,2,0,1,0,0,0,0,1,0,1,0,2,0,3,0,0,0,0,0,2,0,0,2,1,2,0,0,2,0,1,0,0,0,0,0,1,0,1,1,0,0,0,0,2,2,1,0,0,0,0,1,0,0,0,0,1,1,0,0,1,0,1,1,0,1,0,1,1,0,0,1,2,0
MAG-2,1,0,1,1,0,1,1,1,0,1,2,0,1,0,0,1,0,0,0,0,0,1,1,1,0,0,0,0,0,0,1,0,1,0,0,0,0,0,0,0,0,2,0,1,0,1,0,1,0,0,1,1,0,0,0,1,0,0,1,0,1,0,0,3,0,2,2,0,0,1,2,2,0,1,1,1,0,1,1,0
MAG-3,2,0,1,0,0,1,0,0,0,0,2,0,2,0,1,0,0,0,0,0,1,0,0,1,0,1,0,0,2,0,3,3,0,1,2,0,0,3,1,2,0,1,1,1,2,0,0,0,0,1,0,3,2,1,3,1,0,2,4,2,0,2,2,0,1,3,0,1,0,0,0,0,3,0,0,3,0,1,1,1
MAG-4,0,0,2,0,0,0,2,1,0,0,2,0,4,3,3,0,3,0,0,0,1,0,1,2,0,0,1,2,0,1,0,0,0,0,1,0,0,2,1,0,0,0,0,1,0,0,0,0,0,1,0,0,0,0,0,0,1,0,1,0,0,0,0,1,0,0,0,0,0,0,0,1,0,0,0,2,1,0,0,0
MAG-5,4,1,1,0,0,0,0,0,0,2,0,0,0,1,0,0,1,0,1,0,0,1,0,0,1,1,1,0,0,0,0,3,0,1,1,0,2,1,0,0,1,2,0,0,2,0,0,2,0,2,3,3,0,1,3,3,1,2,0,3,0,3,1,0,2,4,3,2,2,1,3,0,2,0,0,3,0,1,3,2
MAG-6,5,0,7,0,2,0,1,0,0,3,7,1,6,0,4,0,0,0,0,1,0,0,7,3,1,2,7,0,0,0,0,2,0,5,0,0,0,0,4,2,1,0,1,0,3,1,1,3,0,2,0,1,1,2,0,0,1,2,1,1,1,2,3,3,3,0,3,2,1,2,0,1,1,0,3,3,0,0,1,2
MAG-7,3,0,0,1,0,0,1,2,0,2,6,0,6,4,7,1,2,0,1,4,0,1,0,28,0,1,0,0,54,2,3,53,2,2,35,0,1,3,56,5,2,7,0,1,69,1,0,0,1,11,4,2,2,1,66,2,5,10,1,1,1,5,64,0,76,4,1,2,2,10,60,0,81,1,0,0,3,3,1,1
MAG-8,2,2,0,2,5,0,0,0,0,0,0,0,0,5,0,2,6,4,1,1,0,0,4,0,0,2,2,0,0,0,6,9,0,0,7,1,0,0,0,1,1,1,0,1,3,1,0,1,0,0,0,1,1,2,0,0,2,1,1,4,1,0,3,2,3,0,1,2,1,0,0,1,4,0,0,3,0,0,0,0
MAG-9,5,0,6,5,3,0,0,2,0,0,0,0,3,0,4,0,0,0,0,1,0,0,1,9,0,0,0,0,8,3,7,9,0,2,0,0,0,2,0,0,0,0,0,0,5,0,0,0,0,2,0,0,0,2,5,0,0,2,0,1,0,1,0,0,0,2,0,3,1,4,6,1,0,0,1,4,0,0,0,0
MAG-10,2,0,0,0,1,0,0,0,0,3,0,0,0,2,7,0,5,3,0,0,0,0,0,1,1,0,0,0,0,0,0,0,0,0,0,1,0,0,0,2,1,0,2,0,0,2,0,0,0,1,0,0,1,0,0,0,1,0,1,0,0,0,0,0,0,0,0,0,0,0,0,0,6,0,0,3,0,0,0,0
MAG-11,4,2,1,2,3,0,0,1,0,5,1,0,0,5,0,0,4,6,2,0,0,1,0,0,0,0,2,0,10,0,8,4,1,3,8,0,3,5,6,5,0,2,0,1,8,2,1,0,0,2,0,0,0,0,7,0,0,2,0,1,2,1,8,0,0,0,0,2,0,2,4,0,0,1,0,5,1,1,0,1
MAG-12,2,0,1,0,1,0,0,2,0,0,0,0,1,1,2,0,4,2,1,2,0,0,1,4,1,0,1,0,0,1,3,3,0,4,4,0,1,2,8,1,0,1,0,0,12,0,0,1,0,0,0,0,0,1,12,0,1,0,0,1,0,0,11,0,17,1,0,2,0,1,16,3,10,0,0,9,1,0,1,1
MAG-13,1,0,0,1,0,1,0,0,0,1,3,0,0,0,1,1,0,3,0,1,1,0,0,30,0,0,1,0,9,0,2,34,0,0,22,0,1,1,34,0,1,2,0,0,41,1,0,0,0,1,3,0,1,1,28,1,1,0,0,0,0,2,21,0,35,1,0,1,0,3,36,3,25,1,1,25,1,2,0,3
MAG-14,1,3,6,9,8,2,5,9,6,1,3,2,3,4,0,6,1,1,5,3,2,11,7,1,3,6,0,4,1,3,0,3,7,1,0,4,2,1,1,0,1,1,0,0,0,0,0,0,1,0,2,0,1,1,1,0,1,1,0,0,0,0,0,0,0,0,0,0,1,0,2,0,1,0,1,0,0,0,0,1
MAG-15,3,0,0,2,1,1,1,1,0,3,2,1,3,2,8,0,2,3,1,1,0,0,2,1,2,2,2,1,0,2,3,0,0,4,1,0,0,1,2,4,44,27,2,0,2,86,0,91,0,18,35,12,97,90,1,24,28,35,126,104,0,14,2,90,1,30,63,37,0,24,3,0,0,1,0,1,98,17,63,0
MAG-16,1,0,0,0,0,0,1,3,1,0,1,0,1,0,0,0,0,0,0,0,2,0,0,0,0,0,0,0,0,0,0,1,0,0,0,0,0,0,2,1,0,0,0,0,0,0,1,0,0,0,0,1,0,0,0,0,0,0,0,0,0,0,0,0,0,0,0,0,0,0,0,0,0,0,0,0,0,0,0,0
MAG-17,13,0,6,1,4,0,4,8,0,8,18,1,0,13,14,1,0,9,2,2,1,2,2,0,0,1,9,0,1,0,8,2,1,10,0,1,3,18,2,4,0,1,1,0,0,1,1,0,0,0,1,0,2,0,0,0,0,2,0,1,0,1,0,0,1,1,1,1,0,0,0,0,0,0,0,0,0,0,1,0
MAG-18,10,2,3,0,0,0,0,0,0,11,8,3,5,10,8,0,12,6,1,0,0,2,0,0,1,0,5,0,2,1,10,0,1,6,8,2,2,9,8,13,0,0,0,0,4,1,0,0,0,0,1,0,1,0,4,2,0,1,0,0,0,1,0,1,2,1,0,0,1,1,4,0,5,1,0,2,0,0,0,0
MAG-19,0,0,0,0,0,0,0,0,0,0,1,0,0,0,0,0,0,0,0,0,0,0,0,0,0,0,0,0,0,0,2,2,0,0,0,0,0,0,3,0,0,0,1,0,0,1,0,0,0,0,0,2,0,0,0,0,0,0,0,0,0,0,1,0,0,0,0,0,0,0,0,0,0,0,1,0,0,0,0,0
MAG-20,1,0,0,1,2,0,0,3,0,4,0,0,1,1,0,0,0,1,0,0,0,0,0,1,0,0,0,0,1,1,3,1,0,0,0,0,1,0,1,0,0,6,0,0,0,1,2,0,0,8,11,4,0,0,0,0,11,0,0,0,0,0,2,1,1,6,1,4,0,2,0,0,1,0,0,0,0,10,0,0
MAG-21,13,0,0,1,2,0,0,0,0,11,7,0,6,8,9,1,7,2,0,0,1,1,0,1,2,0,3,0,0,1,8,2,1,5,1,1,2,8,2,8,2,0,1,0,0,2,0,0,0,1,0,0,0,0,0,1,0,0,0,0,1,0,1,0,1,0,0,2,3,3,1,0,2,0,0,0,0,0,0,0
MAG-22,5,2,6,3,3,0,2,3,0,6,10,1,9,12,7,2,0,7,0,1,0,1,3,3,1,4,9,0,0,1,8,1,1,2,2,0,1,5,3,0,0,0,1,1,2,2,2,2,1,0,0,0,1,2,1,1,1,0,0,3,1,0,1,1,0,1,2,0,0,2,2,0,4,0,1,2,1,2,1,0
MAG-23,13,1,3,2,2,0,1,2,2,6,10,0,6,9,7,1,3,4,0,0,0,2,3,1,0,3,7,1,1,3,5,6,1,0,7,0,1,7,9,4,0,0,1,0,4,2,0,0,0,1,0,1,1,0,2,1,0,1,0,0,0,0,2,1,1,0,0,0,0,0,2,0,2,1,0,2,0,0,1,0
MAG-24,0,0,0,0,2,0,0,0,0,10,4,0,8,0,9,0,6,7,0,0,2,0,0,4,0,1,0,0,4,0,0,3,1,5,4,0,0,5,6,10,0,0,1,0,0,1,0,0,1,2,0,0,0,0,2,0,0,0,0,0,0,1,0,0,0,0,0,0,0,0,1,0,3,1,0,1,0,4,0,0
MAG-25,9,0,0,0,1,0,0,0,1,23,0,0,0,8,10,1,0,5,0,0,0,0,0,45,0,1,11,0,33,0,18,60,0,10,43,1,0,0,0,5,0,1,1,1,46,0,2,0,0,4,0,3,0,1,35,0,5,7,0,0,0,0,38,2,28,5,1,8,0,2,36,0,49,0,1,36,0,0,2,0
MAG-26,0,0,0,2,0,0,0,0,1,2,2,0,3,0,0,1,1,0,0,0,0,0,0,0,0,0,0,0,1,0,0,0,2,2,0,0,0,3,0,0,0,0,1,0,0,0,0,0,0,0,2,0,0,0,3,0,3,0,1,0,0,0,1,0,0,0,0,1,2,0,0,0,0,0,0,0,0,0,0,0
MAG-27,7,0,6,6,4,1,2,4,1,6,3,0,5,6,8,0,5,2,0,0,1,2,0,2,0,10,4,0,2,1,3,0,1,6,0,1,2,6,1,0,0,0,0,0,3,4,0,0,0,0,2,0,2,3,0,0,1,0,0,0,0,1,1,0,0,2,1,0,0,4,0,0,0,0,1,0,0,2,0,0
MAG-28,42,0,110,82,54,0,59,54,0,46,48,0,48,40,66,3,47,40,0,0,0,64,59,13,0,47,26,0,15,74,41,12,0,28,0,1,59,53,21,30,4,2,0,0,9,5,1,8,1,2,1,0,4,5,2,1,2,5,4,5,0,1,10,3,5,1,6,2,1,2,10,1,12,1,1,7,0,0,3,3
MAG-29,2,1,0,0,2,0,0,0,0,0,0,0,1,0,1,0,2,1,0,0,1,0,0,1,0,0,0,0,1,2,1,1,0,0,0,0,0,2,0,2,20,0,0,0,0,16,0,21,0,14,2,3,12,18,1,4,6,4,9,16,2,3,1,22,0,3,18,6,1,3,2,1,0,3,0,0,25,2,13,3
MAG-30,3,0,0,1,2,0,0,2,0,0,5,0,1,4,2,0,0,1,1,1,0,0,1,6,0,0,3,0,15,1,0,13,0,4,11,0,1,0,17,1,1,4,1,1,4,1,2,0,0,2,2,4,4,0,5,3,2,3,1,0,0,2,4,0,4,3,3,3,0,0,2,1,6,2,0,3,1,2,1,1
MAG-31,6,1,3,0,1,2,0,4,0,0,5,0,9,0,6,0,5,4,0,1,0,2,4,8,4,3,4,1,12,4,4,11,4,4,10,0,5,3,10,3,0,1,4,0,4,1,0,1,1,0,3,0,3,2,6,0,1,1,2,1,0,0,3,1,7,0,1,1,0,1,7,1,2,1,2,0,2,1,1,1
MAG-32,0,0,1,0,0,0,0,0,0,0,0,0,0,0,5,0,0,0,0,1,0,0,0,2,0,0,0,0,2,0,0,0,0,4,4,0,0,0,0,0,1,0,1,0,0,0,0,0,0,0,0,1,0,0,0,0,0,0,0,0,0,0,4,1,1,0,0,1,1,0,3,0,2,1,0,2,0,0,0,1
MAG-33,0,1,3,1,0,0,0,0,0,1,2,0,0,0,2,1,0,1,0,0,0,0,0,2,0,0,0,1,0,4,3,1,0,1,1,1,2,2,1,1,0,0,1,0,1,0,1,0,0,0,2,0,1,0,0,0,0,1,0,2,0,1,0,0,1,0,0,0,0,0,0,0,0,1,1,0,1,0,0,0
MAG-34,0,0,0,0,0,0,1,0,0,2,2,2,0,0,3,1,0,0,0,0,1,0,0,3,0,0,0,0,0,0,0,2,0,2,1,0,2,0,1,2,1,3,1,2,2,0,0,0,0,0,0,0,0,0,0,1,0,1,0,1,0,0,1,2,0,2,1,1,1,1,0,1,1,0,1,0,0,0,2,1
MAG-35,3,0,12,13,5,1,4,9,1,2,2,1,2,2,3,2,2,1,1,3,0,7,2,1,0,13,0,1,0,14,4,0,1,1,0,0,0,6,2,2,2,2,1,0,1,2,0,3,1,1,1,1,6,9,1,1,3,2,6,9,0,1,1,4,0,1,3,2,1,3,0,3,1,1,0,2,3,0,2,3
MAG-36,0,0,0,1,1,0,0,0,0,0,1,0,0,0,0,0,0,1,0,0,2,0,0,0,2,0,0,0,0,0,0,0,1,1,1,0,0,0,0,0,2,0,1,0,0,3,1,0,0,0,0,0,2,2,0,0,0,0,0,6,1,0,0,2,0,1,2,1,0,0,0,1,0,0,0,0,1,0,2,0
MAG-37,0,0,1,1,0,0,0,3,0,0,0,1,1,0,3,0,3,0,1,0,0,0,0,1,0,2,0,0,1,1,1,0,1,0,0,0,0,0,3,1,0,3,1,1,0,1,1,0,1,0,2,0,0,0,1,2,0,0,1,0,1,0,0,0,0,1,2,0,1,1,0,0,1,0,1,0,0,1,1,3
MAG-38,0,0,0,0,0,0,0,0,1,1,0,0,1,0,1,0,0,0,0,0,0,0,0,1,0,0,0,0,0,0,0,2,0,0,0,0,0,0,0,0,0,0,0,0,1,0,0,0,0,0,1,0,2,0,2,0,1,0,0,0,0,1,0,0,0,0,1,0,0,2,0,0,2,0,0,0,0,0,0,1
MAG-39,0,0,2,2,1,0,0,0,1,0,0,0,4,4,0,0,6,5,0,2,0,0,1,0,0,0,0,0,1,0,0,0,1,1,0,1,0,7,2,4,2,5,0,2,0,2,0,1,1,2,4,6,0,0,2,0,4,0,1,0,0,1,0,0,2,4,1,0,0,3,0,0,0,0,0,2,0,0,0,0
MAG-40,3,0,3,0,0,1,0,1,2,0,1,1,2,4,1,0,3,1,0,1,0,5,0,0,0,1,0,1,2,1,0,0,0,0,0,0,0,2,1,0,0,1,0,0,0,0,1,2,0,1,0,1,1,1,2,3,1,1,1,0,2,1,0,2,0,1,2,1,0,0,0,0,0,1,1,0,3,2,3,3
MAG-41,0,0,0,1,0,0,0,1,0,0,0,1,0,0,0,0,0,1,0,0,1,0,1,1,1,1,0,0,0,3,0,3,0,0,0,0,1,1,0,1,1,1,0,1,2,0,1,2,1,0,0,0,0,0,3,0,0,0,1,1,1,0,0,0,0,3,0,1,0,0,2,0,2,0,0,2,0,1,0,0
MAG-42,0,0,0,0,0,0,0,0,0,0,0,0,0,0,0,0,0,0,0,0,0,0,0,0,0,0,0,0,0,0,0,0,0,0,0,0,0,0,0,0,2,1,0,2,0,4,0,0,1,0,1,0,4,2,0,0,0,0,0,4,1,1,1,0,1,0,7,1,3,0,0,0,0,3,0,0,5,0,7,3
MAG-43,1,0,1,2,2,0,5,2,0,4,6,0,5,9,5,1,5,7,1,0,0,1,1,1,0,3,0,0,2,2,2,0,0,3,0,1,1,5,1,4,1,1,1,1,2,0,0,1,0,2,1,3,0,0,1,2,3,0,0,1,0,2,3,1,1,0,2,3,1,1,3,1,2,3,0,0,1,3,1,0
MAG-44,3,0,2,3,0,0,0,1,0,3,4,0,6,5,4,1,3,9,0,0,1,0,2,4,0,2,6,0,0,0,4,4,1,6,5,1,0,13,1,4,1,2,1,2,0,0,0,0,0,2,1,2,1,1,2,1,3,3,0,0,1,2,1,3,0,3,0,3,1,1,0,0,0,0,0,0,2,2,1,1
MAG-45,1,0,0,0,0,0,0,0,0,0,0,0,1,0,0,0,1,0,0,0,0,0,0,0,0,1,0,0,12,0,2,0,1,0,0,0,0,4,10,1,0,0,2,0,0,0,0,0,0,1,0,0,1,1,14,0,0,2,2,0,0,0,6,0,16,2,1,2,2,0,7,0,17,1,0,12,1,0,1,0
MAG-46,0,0,0,0,0,1,0,0,0,0,0,0,0,0,0,0,0,0,0,0,1,0,0,0,0,0,0,0,0,0,0,0,0,0,0,0,0,0,0,0,0,1,1,0,0,0,0,0,1,1,0,0,0,0,3,0,0,0,0,0,0,0,5,0,4,0,0,0,2,0,9,0,8,0,0,0,1,0,0,0
MAG-47,1,0,0,0,0,0,0,0,1,2,0,0,0,0,0,0,0,0,0,0,0,1,0,0,0,0,0,0,3,0,0,0,1,0,2,0,0,0,0,0,0,0,0,0,6,0,0,1,0,0,0,0,1,0,0,0,0,1,0,0,0,1,4,0,3,1,0,0,0,0,0,0,7,0,1,0,0,0,0,0
MAG-48,1,1,0,0,0,0,0,0,1,0,2,0,1,0,0,1,0,2,0,0,0,2,0,0,0,0,0,0,0,0,1,0,0,0,0,0,0,0,0,0,0,0,0,0,0,2,0,0,0,0,1,0,0,0,0,0,0,2,0,0,0,0,0,0,0,2,0,0,0,0,0,0,0,0,0,0,0,0,0,0
MAG-49,0,0,0,0,0,0,0,0,0,0,0,0,0,0,0,0,0,0,0,0,0,0,0,0,0,0,1,0,0,0,0,0,0,0,0,0,0,0,0,0,0,0,0,0,0,0,0,0,0,0,1,0,0,0,0,0,0,0,0,0,0,0,2,0,0,0,0,0,0,0,0,0,0,0,0,3,0,0,0,0
MAG-50,1,0,0,2,0,1,1,0,1,4,7,1,3,3,2,1,7,0,6,0,1,1,0,3,0,1,3,2,1,0,3,4,0,1,7,0,0,1,8,2,0,0,2,1,4,0,0,0,1,1,1,3,1,1,3,1,1,0,0,3,1,3,4,0,6,2,1,3,0,3,5,0,4,0,1,6,1,3,0,1
MAG-51,2,0,1,1,0,0,0,1,1,0,2,0,0,1,0,0,0,2,0,0,0,0,0,9,2,0,1,0,9,2,0,10,0,3,6,0,0,1,11,0,0,1,0,0,3,2,0,1,0,1,0,0,1,0,7,0,2,1,0,1,1,0,7,0,3,1,1,2,0,0,2,0,5,0,0,6,1,0,0,1
MAG-52,0,0,1,0,0,0,0,0,0,1,3,0,3,0,0,0,2,1,3,1,1,0,1,4,1,0,2,0,4,0,2,3,0,1,3,0,1,1,4,0,0,1,0,0,3,0,0,1,2,1,1,1,0,0,2,0,0,1,0,0,0,0,0,1,2,1,0,0,0,0,1,0,2,0,0,0,0,0,0,0
MAG-53,3,1,5,4,2,1,3,4,5,8,4,1,10,8,9,1,0,7,1,0,0,0,3,1,1,5,7,0,4,5,13,3,0,8,2,0,3,6,0,5,1,1,0,0,1,0,0,1,1,0,2,1,3,1,0,2,1,2,0,2,1,0,1,1,1,0,1,1,0,1,2,0,3,0,0,0,2,0,4,2
MAG-54,2,1,7,2,4,0,1,1,0,2,5,1,0,6,7,4,1,1,0,1,0,2,2,4,0,1,6,1,2,2,1,2,0,1,1,0,3,6,5,2,0,0,1,1,1,1,0,2,2,2,0,1,1,0,3,1,0,1,1,4,0,0,2,0,0,2,1,2,1,2,2,0,0,2,0,1,2,0,0,0
MAG-55,0,0,0,0,0,1,0,0,0,0,0,0,2,0,0,0,2,1,0,0,0,0,0,7,0,1,0,0,0,0,0,0,0,1,0,1,0,0,0,0,0,0,0,0,1,0,0,0,0,0,1,0,2,0,0,0,0,0,0,0,0,0,0,0,0,0,0,0,0,0,1,0,0,0,0,1,0,0,2,0
MAG-56,17,2,3,4,1,0,1,1,1,15,15,1,0,16,12,1,7,13,1,1,1,1,3,11,0,4,11,0,5,3,16,11,0,7,8,2,1,9,9,14,4,4,2,0,5,0,0,3,1,1,2,0,4,0,2,5,0,2,1,0,0,1,3,4,3,4,5,3,1,2,5,0,6,1,0,5,0,2,2,0
MAG-57,8,1,0,0,0,0,1,0,1,8,7,0,7,8,13,0,10,7,0,0,1,0,0,0,0,0,7,0,0,0,0,0,1,4,14,1,0,0,0,12,0,0,1,0,4,0,0,0,1,0,0,0,0,0,4,0,1,0,1,1,1,0,0,0,2,2,0,0,0,1,4,0,3,0,2,1,1,0,0,2
MAG-58,3,0,0,0,0,2,0,0,0,0,0,0,2,0,0,0,0,1,0,0,0,2,1,0,0,0,2,0,2,2,5,0,0,0,4,1,1,2,8,0,3,0,0,1,1,0,0,1,0,0,0,1,0,0,1,0,0,0,1,0,1,0,3,0,0,0,0,2,1,0,2,0,1,0,0,0,1,0,1,1
MAG-59,3,1,0,1,0,0,1,1,0,7,4,1,9,6,7,0,8,8,1,0,0,2,0,27,2,0,5,0,23,0,6,23,0,4,20,0,0,3,28,2,2,5,1,1,43,0,0,0,1,6,7,6,0,0,42,6,2,2,1,0,0,3,27,0,44,3,0,4,0,4,35,0,52,2,1,40,0,0,0,0
MAG-60,3,0,1,0,0,0,2,0,1,4,4,0,0,1,1,0,1,3,1,1,0,1,0,3,0,0,1,1,2,3,2,1,1,3,3,0,1,3,0,4,1,1,1,1,3,1,0,1,0,0,0,1,1,2,1,1,0,0,0,0,1,1,1,1,0,2,3,1,0,0,0,0,0,0,0,1,1,0,0,0
MAG-61,0,1,5,6,6,0,5,0,0,4,2,1,1,0,0,2,2,9,1,5,0,4,5,1,3,10,1,0,0,4,2,0,1,0,1,4,0,1,0,1,3,1,1,0,3,0,1,0,0,2,0,1,0,1,2,2,1,2,1,0,0,1,0,0,0,1,1,1,0,4,0,0,1,3,0,0,1,1,0,0
MAG-62,0,0,0,0,0,0,0,0,0,0,0,0,0,0,0,0,0,0,0,0,0,0,0,0,0,0,0,0,0,0,0,0,0,0,0,0,0,0,0,0,0,0,0,0,0,0,0,0,0,0,0,0,0,0,0,0,0,0,0,0,0,0,0,0,0,0,0,0,0,0,0,0,0,0,0,0,0,0,0,0
MAG-63,0,0,0,0,0,0,0,0,0,0,1,0,0,0,0,0,0,0,0,0,0,0,0,2,1,0,0,0,0,0,0,0,0,0,0,0,0,0,0,0,0,0,0,0,0,0,0,0,0,0,0,0,0,0,0,0,0,0,0,0,0,0,0,0,0,0,0,0,0,0,0,0,0,0,0,0,0,0,0,0
MAG-64,10,6,0,13,3,7,6,7,5,9,15,7,12,10,6,12,14,13,4,8,8,6,9,5,8,5,6,5,5,10,8,1,6,3,3,7,10,0,6,6,1,1,0,1,0,0,0,1,0,0,1,0,2,1,1,0,0,2,0,0,0,0,0,0,1,2,0,1,0,0,1,1,1,1,0,2,2,0,1,1
MAG-65,3,3,0,3,4,2,2,7,1,1,3,4,1,0,2,6,0,4,9,5,1,6,2,1,1,11,2,3,1,1,0,0,8,2,3,3,3,2,1,2,1,0,0,0,0,0,0,2,0,1,0,0,1,2,0,2,0,0,0,1,0,0,0,0,0,0,1,1,0,1,1,1,0,0,1,0,0,0,2,0
MAG-66,6,0,3,5,5,0,5,5,2,0,0,2,7,2,7,1,7,8,1,1,3,4,6,1,2,4,6,0,2,0,3,8,0,3,1,0,5,4,4,0,4,1,0,0,2,0,0,0,0,3,0,0,2,1,0,1,0,1,0,3,0,3,1,1,0,0,0,1,2,0,1,3,0,1,0,3,3,0,3,0
MAG-67,16,0,40,37,29,0,0,0,1,24,24,0,18,21,21,0,24,23,0,1,0,37,20,4,0,47,14,1,5,34,28,4,0,18,7,0,49,25,0,14,2,0,0,0,4,2,0,1,0,0,0,0,2,1,0,1,0,1,1,4,0,0,5,1,0,2,3,0,0,6,2,0,5,0,0,10,2,0,2,0
MAG-68,8,2,11,9,14,0,7,6,0,14,5,2,9,12,8,1,0,5,0,2,0,5,6,4,0,5,8,0,7,9,4,4,0,5,4,1,7,14,6,13,0,5,2,2,3,2,1,2,0,1,6,8,3,1,4,9,4,2,4,0,1,6,4,1,4,2,0,2,2,3,2,0,2,0,0,3,0,2,1,0
MAG-69,3,3,0,2,0,0,1,1,0,0,3,0,5,2,3,1,0,3,0,0,0,3,0,0,1,2,0,0,3,2,3,5,0,2,4,0,0,4,2,3,5,0,1,0,4,2,0,6,0,1,0,1,6,6,4,4,1,2,5,6,0,2,2,0,3,1,12,0,0,1,1,1,1,1,1,2,0,0,5,1
MAG-70,1,1,0,1,0,0,0,0,0,0,1,0,1,0,1,2,1,1,2,0,0,2,0,4,0,0,0,0,4,1,3,4,0,1,1,1,0,4,3,2,0,0,0,0,1,4,0,2,0,0,0,0,0,1,3,0,0,2,0,0,0,1,3,2,3,1,1,0,0,0,0,0,2,0,0,1,1,1,0,1
MAG-71,1,0,0,2,1,0,1,1,0,0,0,0,1,1,0,0,0,1,0,0,1,0,2,1,0,0,0,0,4,0,0,0,0,0,0,1,1,0,1,2,0,1,0,0,0,0,0,0,0,0,0,0,0,0,0,1,1,0,0,2,1,0,0,0,1,0,0,0,1,0,1,0,2,0,0,0,0,0,1,0
MAG-72,3,0,0,0,0,0,3,0,0,8,5,0,3,2,9,0,6,3,0,1,1,0,0,2,1,2,5,0,1,1,3,2,0,0,2,1,0,2,0,3,3,0,0,1,1,0,1,0,0,1,0,2,3,0,1,0,1,2,2,1,0,1,0,0,3,2,0,0,1,3,1,1,0,0,0,0,0,0,1,0
MAG-73,5,0,4,2,0,0,3,0,0,2,3,0,6,2,2,0,5,5,1,1,0,2,1,1,0,2,3,0,2,2,4,3,1,1,4,1,1,3,5,0,5,0,0,1,5,4,1,6,1,0,0,0,2,1,7,0,0,1,3,1,3,0,4,6,5,0,4,0,0,0,4,1,5,0,1,4,3,0,1,3
MAG-74,4,1,0,0,0,0,0,0,1,0,0,0,4,0,2,1,0,0,0,1,0,0,1,0,0,0,4,0,6,0,4,0,0,2,0,0,0,6,11,4,1,0,0,0,8,3,2,3,0,0,2,1,0,1,4,1,0,0,1,2,1,0,5,1,3,0,0,1,0,1,4,0,5,0,0,9,3,0,2,0
MAG-75,8,1,3,2,1,0,4,1,0,4,0,0,4,5,5,2,6,5,2,0,0,1,4,1,5,4,1,0,1,1,3,7,1,4,0,2,1,5,0,5,0,1,1,0,1,0,0,1,0,2,0,0,1,1,0,1,0,2,2,1,1,2,0,0,2,3,1,2,0,1,3,0,1,0,0,1,1,1,1,0
MAG-76,1,0,2,2,1,0,1,0,4,0,2,1,0,1,2,0,0,1,0,2,5,0,1,2,1,0,0,0,4,1,0,0,0,2,0,1,2,2,1,1,0,2,0,0,1,0,0,0,0,0,0,1,0,0,0,0,0,0,0,0,0,0,0,1,0,0,0,2,0,0,3,0,0,0,0,1,0,0,0,0
MAG-77,0,0,0,1,0,0,1,0,0,2,1,0,0,0,0,0,0,0,0,0,0,0,0,0,0,0,0,0,0,0,0,0,0,0,0,0,0,1,0,0,0,0,0,0,0,0,1,0,0,0,0,0,0,0,0,0,0,0,0,0,0,0,0,0,0,0,0,0,0,0,0,0,0,0,0,0,0,0,0,0
MAG-78,1,0,0,1,0,0,0,0,0,0,4,0,0,0,1,0,4,0,0,0,0,0,0,0,0,0,0,0,0,0,0,0,0,2,2,0,1,2,1,0,0,0,0,0,1,1,0,0,0,0,0,0,0,0,0,0,0,0,0,0,0,0,0,0,0,2,0,0,0,0,0,0,0,0,0,0,0,0,0,0
MAG-79,11,1,0,0,0,0,0,0,0,11,5,1,0,8,7,0,0,10,0,0,0,0,0,44,0,0,4,0,88,1,6,93,1,0,65,2,0,8,90,2,0,0,0,0,14,0,0,0,1,2,5,2,0,0,15,2,3,0,1,2,0,1,9,1,12,2,0,0,2,1,8,0,12,1,0,17,0,1,0,1
MAG-80,7,1,0,2,3,1,2,3,1,4,4,0,0,2,3,0,2,1,0,2,3,3,0,2,3,5,3,1,1,0,2,2,0,1,2,0,1,3,1,2,0,0,3,0,0,0,1,0,0,0,1,0,0,1,0,0,0,0,0,0,1,1,2,1,2,0,1,0,0,0,1,0,0,0,0,0,1,0,3,0
MAG-81,2,1,0,2,0,0,1,0,0,0,0,1,2,1,2,0,0,0,0,0,1,1,0,0,0,0,1,0,0,0,0,0,0,0,2,0,0,0,0,0,0,0,0,1,0,1,1,1,0,0,0,0,0,1,2,0,0,1,0,1,0,0,1,0,0,0,2,1,0,0,0,2,0,2,0,1,0,0,0,0
MAG-82,0,0,68,61,75,0,45,61,1,1,0,1,2,0,0,3,1,1,1,3,4,49,63,4,3,50,1,0,0,68,0,0,4,1,0,3,88,0,1,1,0,2,2,1,3,5,0,7,2,1,2,3,2,3,0,0,0,0,2,6,0,1,0,3,0,0,4,0,0,0,0,1,2,0,0,0,3,0,5,0
MAG-83,19,0,0,1,0,0,1,1,1,29,25,3,19,20,15,0,13,11,2,0,0,0,0,7,0,1,23,0,15,1,21,18,1,16,20,0,0,23,9,19,1,1,0,1,1,0,0,2,0,2,0,0,1,0,0,1,1,3,1,1,1,0,3,1,2,1,0,0,0,0,2,0,2,0,0,1,1,1,1,1
MAG-84,3,0,2,2,0,0,0,1,0,0,0,1,1,0,1,3,1,0,0,0,0,0,0,0,0,0,1,0,21,0,0,14,0,0,15,1,0,0,22,0,0,1,1,2,0,1,1,1,0,0,0,0,0,0,10,0,0,1,1,1,1,0,0,0,0,0,0,0,0,1,19,0,0,0,1,21,1,2,1,1
MAG-85,4,0,2,2,8,2,1,3,0,2,7,2,7,4,7,1,5,2,2,0,0,4,1,0,1,3,6,0,0,5,9,4,1,2,1,0,6,8,0,4,1,1,1,0,4,0,1,1,1,0,2,0,1,0,1,0,0,0,1,0,1,0,1,0,0,1,0,0,0,0,4,0,5,1,1,0,0,0,0,1
MAG-86,0,0,0,0,0,0,0,0,0,0,2,0,0,0,0,0,0,0,0,0,1,0,0,0,0,0,0,1,0,0,0,0,0,0,0,0,0,5,1,4,0,0,0,0,0,0,0,0,0,0,0,0,0,0,0,0,0,0,0,1,0,0,0,0,0,0,0,0,0,0,0,0,0,0,0,0,0,0,0,0
MAG-87,16,0,3,0,0,1,0,0,1,17,21,0,16,14,31,0,17,15,0,0,1,0,0,3,0,1,14,0,6,3,16,6,0,14,5,1,0,13,11,6,0,0,0,0,5,0,2,0,1,0,2,1,1,1,3,2,0,1,0,1,3,0,2,2,1,1,0,0,0,0,2,1,2,1,0,2,0,0,0,1
MAG-88,0,1,0,0,0,0,1,0,0,0,0,1,0,0,0,0,1,3,0,1,0,2,1,2,1,2,0,0,1,0,3,4,0,0,2,0,1,1,2,1,0,0,0,0,0,0,0,1,0,0,0,0,1,0,0,0,0,0,0,0,0,0,0,0,0,0,0,0,0,0,0,0,0,0,0,0,0,0,0,0
MAG-89,1,0,2,1,0,0,0,0,0,0,2,1,0,0,0,0,4,2,0,0,0,0,0,2,1,1,0,0,0,0,5,0,0,0,0,0,2,3,2,0,0,0,0,0,0,0,0,0,0,0,0,0,0,0,0,0,0,0,0,0,0,0,0,0,0,0,0,0,0,0,0,0,0,0,0,0,0,0,0,0
MAG-90,3,1,1,1,0,0,0,2,0,1,3,0,2,1,1,0,1,1,0,0,0,0,0,0,0,1,0,1,0,1,1,1,1,0,0,0,0,0,0,0,0,14,1,0,0,1,0,0,3,19,31,0,1,0,1,29,18,24,1,0,0,17,0,0,0,23,1,16,0,20,1,0,0,1,0,0,0,17,1,0
MAG-91,1,0,0,0,1,0,0,0,0,0,1,0,3,1,3,1,1,1,0,0,0,0,1,2,0,1,0,1,3,1,0,0,1,0,2,0,0,1,5,0,11,3,0,1,0,7,1,5,0,1,5,3,8,7,6,3,2,4,5,5,0,3,5,5,3,1,7,2,1,2,4,1,0,0,0,5,2,2,5,2
MAG-92,0,1,0,0,0,0,1,0,0,0,1,0,0,0,0,0,1,0,0,0,1,1,0,0,0,0,0,0,2,0,0,2,0,0,0,0,0,2,0,0,0,0,0,0,0,0,0,0,0,0,0,0,0,0,0,0,0,0,0,0,0,0,0,0,0,0,0,0,0,0,0,0,1,0,1,0,0,0,0,0
MAG-93,6,0,0,0,0,1,1,1,0,6,2,1,1,6,7,1,0,3,1,1,0,1,0,1,0,1,2,0,0,1,2,1,0,4,1,1,0,10,0,2,0,1,0,0,0,0,0,0,0,0,0,0,0,1,0,0,0,0,0,2,0,0,2,1,0,0,1,2,0,0,0,0,0,0,0,0,0,0,1,1
MAG-94,1,0,1,1,0,1,0,0,0,3,0,1,1,0,1,0,0,0,0,0,0,2,1,0,0,2,0,1,0,0,0,0,0,0,3,1,0,1,2,1,0,0,0,0,0,0,0,0,1,0,1,1,0,0,2,0,0,0,0,0,3,0,0,0,0,0,0,0,0,1,1,3,0,0,0,0,0,0,0,0
MAG-95,0,0,0,0,2,0,0,0,0,3,2,1,3,1,0,2,0,4,0,0,0,1,1,1,0,3,0,0,3,1,0,2,2,1,0,1,0,0,1,2,5,3,1,2,1,2,1,3,1,1,2,0,1,2,2,0,0,0,3,3,0,0,0,2,1,2,0,3,0,3,1,2,0,1,0,1,1,1,3,0
MAG-96,0,0,1,2,0,1,0,0,0,1,0,0,0,0,4,3,2,0,0,0,1,0,0,0,1,1,1,0,16,0,0,20,0,0,34,0,1,1,46,0,1,2,1,0,43,1,0,2,0,0,3,0,1,0,46,0,0,2,1,1,0,0,35,1,26,3,0,0,0,1,27,0,29,1,0,20,1,1,0,0
MAG-97,2,0,0,1,1,1,1,0,0,1,4,0,1,2,2,1,0,1,0,0,0,0,1,2,1,1,0,0,0,1,1,0,0,0,0,1,0,4,1,1,1,0,0,1,0,0,0,1,2,0,0,1,0,0,0,0,0,0,2,0,0,0,1,0,0,0,0,1,1,1,1,0,0,1,0,1,1,0,0,0
MAG-98,0,0,0,0,0,0,0,0,0,0,0,0,0,0,0,0,0,0,0,0,0,0,0,0,0,1,0,0,0,0,0,0,0,0,0,0,0,0,0,0,0,0,0,0,0,0,0,0,0,0,0,0,0,0,0,1,0,0,0,0,0,0,0,0,0,0,0,0,0,0,0,0,0,0,0,0,0,0,0,0
MAG-99,0,0,0,0,0,0,0,0,0,0,0,0,0,0,0,0,0,0,0,0,0,0,0,0,0,1,0,0,0,0,0,0,0,0,0,0,0,0,2,0,0,0,0,0,0,0,0,0,0,0,0,0,0,0,0,0,0,0,0,1,0,0,0,0,0,0,0,0,0,0,0,0,0,0,0,0,0,0,0,0
MAG-100,0,0,0,1,1,0,0,0,2,0,0,0,0,0,3,1,1,2,0,0,1,0,0,0,0,0,0,2,0,0,1,89,0,0,67,0,0,0,124,2,1,2,3,0,72,0,1,3,1,2,0,0,0,2,75,0,0,2,0,0,1,1,95,1,67,0,0,1,0,0,74,0,64,1,0,61,1,1,0,2
MAG-101,0,0,0,0,0,0,0,0,0,0,0,0,0,0,0,0,0,0,0,0,0,0,0,0,0,0,0,0,0,0,0,0,0,0,0,0,0,0,0,0,0,0,0,0,0,0,0,0,0,0,0,0,0,0,0,0,0,0,0,0,0,0,0,0,0,0,0,0,0,0,0,2,0,0,0,0,0,0,0,0
MAG-102,2,2,0,0,0,2,0,1,1,0,1,1,0,0,0,0,0,1,0,0,0,2,1,0,0,1,0,0,0,0,0,2,0,0,1,0,0,0,1,1,0,1,0,0,1,0,0,1,1,0,0,0,0,1,0,1,0,3,0,1,2,0,0,0,0,2,1,1,0,1,0,1,0,0,2,1,1,1,0,0
MAG-103,22,7,15,0,18,2,0,12,4,7,15,4,21,10,27,4,19,15,4,5,0,12,9,6,5,0,12,3,4,15,12,10,7,12,9,3,11,10,15,15,2,4,2,0,11,3,1,7,0,2,6,4,3,6,7,8,3,3,0,3,0,4,12,3,4,1,4,0,1,2,5,2,11,4,4,9,5,4,2,1
MAG-104,2,1,3,1,3,0,1,3,0,0,1,0,2,3,4,2,1,0,0,2,3,1,5,3,0,2,1,2,1,4,5,5,1,1,0,2,4,0,4,2,2,8,2,1,2,1,0,4,1,1,5,6,1,2,2,5,6,7,1,2,1,4,4,1,0,6,2,8,4,5,2,0,4,3,0,2,4,2,0,0
MAG-105,0,0,0,0,0,0,0,0,0,0,0,0,0,0,0,0,0,0,1,0,0,0,0,1,0,0,0,0,1,0,0,0,0,0,0,0,0,0,0,0,1,0,0,0,0,0,0,0,0,0,0,0,0,0,0,0,0,1,0,0,0,0,2,0,0,0,0,0,0,0,0,0,0,0,0,0,0,0,0,0
MAG-106,7,2,3,17,5,2,0,5,6,7,3,5,8,5,7,6,6,7,3,7,5,7,6,8,5,5,4,0,4,2,6,10,7,5,13,13,8,4,12,1,1,1,4,1,12,2,2,1,0,1,0,2,0,1,4,1,0,0,0,0,0,1,8,0,8,1,1,1,2,0,5,1,8,1,0,8,1,1,1,0
MAG-107,5,3,6,9,6,3,6,12,1,4,4,4,6,7,3,2,2,5,2,3,3,4,6,5,7,8,0,3,5,4,7,7,3,4,3,7,3,4,5,6,0,4,0,1,13,1,0,0,1,6,3,3,1,2,14,13,1,4,1,0,0,0,12,1,12,2,0,5,0,4,15,1,16,1,0,14,0,5,0,0
MAG-108,4,2,5,17,14,1,7,6,1,6,9,4,6,5,5,6,7,4,2,0,2,10,9,10,6,10,2,1,3,12,2,3,1,4,6,3,6,5,6,5,4,3,2,0,4,1,2,1,1,2,1,1,0,4,4,1,0,1,3,1,1,2,4,3,4,1,1,2,1,0,4,0,6,2,1,5,2,0,0,1
MAG-109,5,0,6,7,6,0,2,6,0,3,7,1,7,6,4,0,5,3,2,1,1,2,4,6,2,1,0,2,2,8,5,13,3,2,3,0,6,5,13,4,0,0,2,0,5,0,0,0,0,1,0,1,0,1,9,4,1,1,0,0,0,1,3,0,1,1,0,0,0,1,5,2,11,0,2,8,1,0,0,2
MAG-110,1,2,2,5,5,0,3,2,1,2,2,1,5,0,2,3,1,0,0,1,1,2,1,0,1,2,5,1,1,5,1,2,0,2,2,1,1,0,1,0,1,0,2,1,4,0,0,2,0,0,2,0,1,0,1,1,0,0,2,0,0,1,2,0,1,2,0,0,0,0,1,1,4,1,1,2,1,0,2,0
MAG-111,4,0,0,2,4,0,3,4,0,2,6,0,3,4,2,1,5,0,1,5,1,2,4,4,1,8,3,0,3,3,9,3,1,1,4,1,6,6,2,6,2,1,1,0,0,5,1,1,0,2,2,1,0,4,0,3,1,0,2,0,0,3,4,3,1,2,2,1,1,5,2,3,6,1,1,1,1,2,2,2
MAG-112,5,1,6,5,2,2,8,5,0,5,1,3,7,2,5,3,9,3,1,4,0,4,5,2,3,9,1,1,10,4,0,5,4,1,3,3,0,5,3,0,1,1,0,1,1,0,0,3,2,0,0,0,1,0,3,2,1,1,0,0,1,0,0,1,0,2,0,0,1,0,1,0,1,0,0,1,3,1,0,1
MAG-113,0,1,1,2,0,0,0,3,0,4,0,0,4,2,1,1,2,0,0,0,0,0,0,3,0,2,0,0,0,1,0,1,0,3,1,1,0,2,4,4,2,2,0,0,2,1,0,0,1,3,1,1,1,2,1,0,2,0,2,0,0,2,2,1,2,0,2,1,0,0,0,0,3,2,0,2,1,0,0,2
MAG-114,6,1,2,0,3,2,4,4,0,2,4,0,3,2,5,0,2,2,0,0,1,3,3,1,0,7,3,0,1,2,3,1,1,4,6,2,8,5,2,3,2,0,0,1,3,0,0,0,0,2,1,1,0,0,1,2,0,0,0,1,0,0,4,1,2,0,1,1,0,3,1,1,6,1,1,3,0,1,0,0
MAG-115,11,5,27,36,30,3,29,23,2,9,6,5,7,7,10,0,7,11,5,7,6,35,0,3,5,26,6,4,7,33,6,7,4,3,4,3,29,15,7,10,1,0,2,2,6,2,2,2,0,1,2,0,3,4,3,0,2,2,0,0,0,1,4,2,4,1,2,2,0,2,3,2,4,2,0,4,0,3,2,1
MAG-116,5,4,12,10,9,2,5,15,7,10,4,3,5,0,3,0,7,8,4,6,3,8,9,8,4,16,2,2,8,13,0,8,2,2,3,0,10,1,4,5,4,0,2,3,4,1,1,1,0,0,0,2,3,2,5,0,1,1,0,4,1,0,2,3,3,0,2,0,4,1,4,1,4,3,1,2,1,1,2,0
MAG-117,4,0,0,1,1,0,1,0,0,1,3,2,1,0,0,1,3,0,1,0,2,1,1,3,1,3,1,0,1,3,3,0,2,3,2,2,1,2,0,0,0,1,1,2,2,3,2,0,0,0,2,0,0,1,0,4,4,1,2,0,0,1,1,0,1,1,3,0,1,4,3,0,0,1,1,0,1,2,3,0
MAG-118,1,66,1,2,0,52,0,0,83,1,0,79,2,0,0,114,1,0,68,124,136,1,0,1,82,1,1,63,1,1,3,1,87,0,1,66,1,1,0,0,0,1,1,0,2,1,0,0,1,0,0,0,2,3,0,1,0,2,0,2,0,0,0,1,1,0,1,1,1,0,1,0,1,0,1,0,0,0,0,0
MAG-119,0,1,0,0,1,0,2,1,0,0,0,1,0,0,0,0,1,2,0,1,1,1,0,0,0,0,1,0,2,1,0,0,1,1,0,1,2,0,0,0,1,0,11,22,2,2,17,0,11,0,0,0,2,0,1,1,1,1,1,0,9,0,0,1,0,0,0,3,5,0,1,12,1,9,11,1,0,0,2,7
MAG-120,0,1,0,3,1,1,0,0,0,0,0,1,0,0,1,1,1,0,0,0,0,1,0,0,0,1,1,0,1,0,0,0,0,0,0,0,0,3,2,0,1,1,96,82,0,0,93,1,64,2,0,1,1,1,1,1,1,0,1,1,52,0,0,2,0,0,0,1,63,0,0,81,0,0,60,0,0,0,0,76
MAG-121,0,0,0,1,0,0,1,0,0,0,0,0,2,0,0,1,1,1,0,1,0,0,0,0,0,0,2,1,0,0,1,1,0,1,0,0,0,1,0,1,2,1,182,99,2,8,92,4,200,0,0,2,6,1,0,3,3,2,4,3,99,1,0,4,0,0,1,2,182,3,0,157,0,127,117,3,1,1,4,0
MAG-122,0,1,0,0,0,0,0,1,0,1,0,1,1,0,0,1,2,0,0,0,0,0,0,0,0,0,2,2,0,2,2,2,0,1,0,0,1,0,0,2,1,5,0,0,1,1,0,1,0,2,3,1,0,0,2,2,3,1,0,1,0,4,0,0,0,2,1,0,0,4,1,0,1,0,0,1,0,2,0,0
MAG-123,3,0,1,1,2,1,2,1,0,1,5,0,3,1,0,1,2,0,0,0,2,0,0,5,1,2,1,1,1,1,1,3,0,3,4,0,0,0,2,0,0,1,2,4,3,0,1,0,1,1,5,0,0,0,3,3,4,6,1,1,0,3,1,0,6,3,0,1,0,6,1,0,2,0,1,0,1,4,0,0
MAG-124,1,0,2,0,0,0,0,0,0,3,0,1,0,0,1,1,1,5,0,0,0,2,0,0,1,1,1,0,1,2,1,0,1,0,2,0,1,0,1,0,2,2,1,2,3,0,0,0,0,0,2,1,3,1,1,0,0,2,1,1,0,1,0,1,0,0,1,1,0,1,0,1,0,0,0,0,0,0,0,0
MAG-125,0,0,0,2,0,1,1,0,1,0,1,0,1,1,1,1,1,0,0,1,0,2,0,3,1,1,0,1,1,0,1,0,0,0,0,1,1,3,1,0,4,6,1,1,0,4,2,0,0,4,7,0,4,4,0,6,8,9,0,2,2,3,1,0,2,6,0,6,0,2,1,1,3,3,1,1,6,3,3,0
MAG-126,3,0,1,1,1,0,1,2,0,4,4,0,4,3,4,0,1,5,0,0,0,0,2,0,0,0,4,0,2,1,0,1,0,2,0,0,0,6,0,4,0,2,0,0,0,0,0,5,1,2,2,3,2,0,6,0,1,1,2,0,0,0,6,1,5,1,4,1,0,2,3,0,6,0,0,6,1,3,3,0
MAG-127,7,0,1,0,3,1,0,3,0,0,5,0,7,4,3,0,5,7,0,0,0,0,2,2,0,0,4,2,0,2,5,0,0,0,3,0,2,3,2,0,0,0,1,0,0,0,0,0,1,0,0,0,1,2,6,0,0,2,2,1,2,5,2,0,0,0,0,1,1,0,2,0,0,0,0,4,0,0,0,0
MAG-128,0,0,0,0,0,0,0,0,0,0,0,0,0,0,0,0,0,0,0,0,0,1,0,0,0,0,0,0,0,0,0,0,0,0,0,0,0,0,0,0,1,0,0,0,1,0,0,2,0,0,0,1,0,0,0,0,0,1,1,0,0,2,0,0,2,1,3,1,0,1,0,0,1,2,0,2,1,0,0,2
MAG-129,0,0,0,1,0,0,0,1,0,0,2,0,0,4,0,0,0,0,1,0,1,1,0,1,0,0,0,0,0,0,1,0,0,1,1,0,1,0,0,0,1,0,1,0,3,0,0,0,2,1,0,0,1,1,0,0,1,1,1,1,0,0,1,1,0,0,2,1,0,0,0,1,0,0,0,0,0,0,0,0
MAG-130,2,0,1,1,2,0,0,0,0,0,0,1,2,1,0,1,2,1,0,0,1,2,3,1,4,2,1,1,2,0,0,0,0,0,0,0,2,1,2,1,1,0,0,2,1,0,0,1,0,1,0,0,0,0,0,1,1,0,1,0,0,0,1,0,0,1,2,0,0,1,1,1,1,0,0,0,1,1,1,2
MAG-131,1,2,1,2,0,0,0,0,0,2,1,0,2,0,1,3,3,1,0,1,0,1,0,2,1,0,1,0,3,0,1,0,0,0,1,1,0,2,1,0,1,0,0,0,1,0,0,1,1,2,1,1,0,3,0,0,0,2,1,1,0,2,1,1,0,1,1,1,1,1,1,0,0,0,0,0,0,0,0,0
MAG-132,1,2,4,1,4,1,0,0,1,2,1,0,4,0,2,3,0,1,0,4,1,5,3,2,3,4,0,1,4,1,0,7,0,1,2,1,3,5,4,1,2,1,1,1,2,0,0,0,1,0,1,0,1,1,0,1,2,2,0,0,1,0,1,0,2,1,0,0,1,0,2,0,1,1,1,0,0,1,0,4
MAG-133,0,10,1,0,0,18,1,1,17,0,3,13,2,1,0,24,0,1,15,19,12,0,0,1,15,0,2,12,0,1,0,1,20,1,0,27,2,4,1,0,0,1,2,6,1,0,5,1,5,0,0,0,0,1,1,3,0,0,0,1,4,0,0,0,2,0,1,1,3,1,1,3,1,4,2,1,1,0,2,4
MAG-134,1,0,0,0,0,0,1,0,1,1,0,0,0,0,2,1,0,1,1,0,0,0,1,2,2,0,1,0,0,1,0,1,0,1,3,0,0,0,1,1,3,0,28,19,0,1,11,2,20,1,0,0,3,1,0,0,1,0,3,5,22,0,1,3,0,1,3,0,24,0,0,19,0,18,20,0,2,0,5,25
MAG-135,2,0,0,0,0,0,0,0,0,1,0,0,0,0,0,0,0,0,0,1,0,0,0,0,0,2,0,0,0,0,0,0,1,0,0,0,0,0,0,1,5,0,1,0,2,5,2,0,3,0,1,0,3,6,1,0,1,2,7,0,2,0,0,3,0,0,8,0,1,0,0,4,1,2,1,1,7,0,3,2
MAG-136,7,0,4,10,3,2,5,3,2,12,7,0,0,6,8,4,7,5,2,1,1,8,6,13,1,6,4,1,9,5,8,9,2,7,6,1,3,7,25,3,4,7,0,1,12,6,0,1,0,3,3,4,2,0,12,5,6,5,3,0,0,4,13,1,10,7,2,6,1,5,12,0,17,0,0,15,0,3,0,1
MAG-137,0,0,0,0,0,0,0,0,1,0,0,0,0,0,0,0,1,0,0,0,0,0,0,0,0,1,0,0,0,0,0,0,0,2,0,0,1,0,1,0,0,0,5,1,1,2,3,2,7,0,0,0,3,0,2,0,1,1,0,2,2,0,0,2,0,0,2,1,6,1,0,4,2,5,0,0,0,0,2,0
MAG-138,0,2,0,0,1,0,1,0,0,2,4,0,0,1,0,0,2,0,0,1,0,3,3,0,0,3,0,0,1,1,2,1,1,1,1,0,1,0,1,0,1,1,0,1,0,1,2,1,0,0,2,0,0,2,0,2,0,1,0,0,1,2,0,1,0,2,0,1,0,0,1,0,1,0,1,0,1,1,1,0
MAG-139,4,1,0,0,0,1,0,0,0,2,1,0,0,0,1,1,1,0,1,0,0,1,1,0,4,2,1,0,1,0,2,2,2,0,0,1,0,0,1,0,0,0,0,1,1,0,0,0,0,1,1,0,0,0,1,2,1,0,0,0,0,0,0,1,1,1,1,0,0,1,0,1,1,2,0,1,0,2,1,1
MAG-140,0,1,1,0,2,1,0,1,0,5,0,2,3,1,0,0,0,2,0,2,1,0,4,0,0,0,0,0,1,2,0,2,3,1,2,1,1,1,0,0,2,1,1,0,0,0,0,0,0,1,1,2,1,0,0,1,3,1,0,0,2,0,0,0,1,3,1,1,0,2,2,1,1,1,0,0,0,4,1,2
MAG-141,3,0,0,3,0,0,2,4,0,4,1,0,10,2,0,0,7,4,0,0,1,1,0,10,0,3,1,1,7,2,6,8,0,1,4,0,0,4,1,5,0,1,2,3,4,0,1,1,1,0,0,0,2,0,6,1,0,1,0,2,0,0,0,3,1,0,1,0,0,0,5,1,1,1,4,3,1,1,2,0
MAG-142,2,0,0,0,0,1,0,2,1,2,2,1,4,3,1,1,3,1,0,0,0,0,1,1,0,0,0,0,3,1,1,6,0,1,3,1,2,2,1,1,0,0,0,2,0,0,1,2,0,0,0,0,0,0,0,2,0,0,0,1,0,0,0,2,2,1,0,0,0,0,3,1,0,0,0,3,0,0,1,2
MAG-143,9,1,2,3,1,0,0,0,0,6,4,0,8,2,4,1,10,2,0,1,0,1,2,0,0,3,5,1,9,4,6,1,0,2,3,0,2,8,1,8,1,2,1,0,7,1,0,0,2,0,2,0,1,0,7,2,0,0,1,1,1,2,0,1,2,2,1,1,0,1,7,0,7,1,0,7,3,0,0,0
MAG-144,1,1,1,2,2,0,0,1,0,2,4,0,0,3,3,1,3,4,1,1,0,2,1,5,0,0,5,0,0,1,4,1,0,2,3,0,1,9,0,7,1,3,1,0,4,0,0,0,0,4,3,4,0,1,8,6,4,4,2,1,0,2,4,0,4,4,1,2,0,2,5,2,6,2,0,8,0,1,1,2
MAG-145,1,0,2,0,1,0,1,1,2,0,1,0,2,4,1,2,2,3,0,0,0,0,0,5,0,0,4,0,5,1,0,8,0,1,6,1,0,2,12,4,0,0,0,1,9,1,1,2,0,0,0,1,1,1,11,0,1,3,1,1,0,0,8,0,9,1,0,1,0,0,15,0,19,0,0,11,2,2,1,0
MAG-146,0,1,1,3,3,0,3,1,1,1,4,1,5,3,1,0,2,2,2,0,2,1,2,2,2,1,0,0,0,2,3,1,0,5,3,0,5,0,2,2,0,1,0,2,3,1,0,1,0,0,1,0,1,0,1,2,0,2,0,0,2,0,2,1,1,0,0,0,2,0,0,2,1,0,0,2,1,0,0,2
MAG-147,2,0,0,0,2,0,0,0,0,0,1,0,2,2,2,0,1,1,1,0,1,1,0,1,0,1,1,1,3,1,1,2,0,1,1,1,0,3,3,1,1,0,0,0,1,0,1,0,0,1,2,0,2,1,0,2,0,0,0,0,0,1,0,1,2,1,0,0,0,0,1,0,1,0,0,0,0,0,1,0
MAG-148,2,0,1,1,0,1,0,1,0,2,1,1,2,4,1,1,1,1,1,1,2,0,0,2,0,0,1,0,1,2,2,1,1,2,3,1,1,3,1,1,4,0,2,4,4,4,1,7,4,4,4,2,0,5,2,0,5,0,3,5,3,5,1,6,0,3,4,1,1,0,1,1,2,4,0,0,3,2,6,3
MAG-149,5,0,1,3,2,0,2,1,1,6,3,0,3,3,5,1,3,1,0,2,0,1,0,4,0,1,5,0,3,1,3,7,0,2,7,1,0,3,11,2,3,3,0,0,9,2,1,0,1,2,2,0,0,2,8,2,1,1,1,1,0,3,9,1,6,2,4,2,2,1,8,2,9,0,1,6,0,1,0,1
MAG-150,43,3,19,22,17,2,16,28,4,64,69,8,72,37,46,7,39,51,4,3,7,14,22,27,8,18,32,4,14,18,34,29,7,34,20,8,17,47,21,40,13,34,12,13,27,21,4,12,7,17,19,16,18,33,33,20,18,23,15,10,4,23,31,14,25,29,24,15,9,16,38,8,33,6,5,23,6,13,17,16
MAG-151,0,0,0,1,3,1,1,1,2,3,4,3,2,3,5,2,1,0,1,1,0,1,2,1,0,1,1,0,6,3,3,6,1,2,5,1,0,5,6,5,0,2,0,2,3,1,1,0,4,0,0,1,1,0,5,3,0,0,0,1,0,2,5,1,5,1,0,2,0,1,0,2,2,0,0,4,1,0,1,1
MAG-152,2,1,0,3,1,0,1,2,1,2,6,2,1,1,6,3,7,4,2,3,1,0,2,2,2,2,0,3,11,3,6,6,1,3,6,0,4,5,11,1,0,2,1,2,3,2,0,1,0,0,0,0,1,0,3,1,0,2,1,2,1,1,4,2,2,1,0,0,0,0,7,0,8,0,0,7,1,0,0,0
MAG-153,6,1,5,4,5,4,4,3,6,3,9,3,5,0,4,2,5,4,1,0,1,6,7,0,3,10,4,1,1,6,0,0,1,5,0,3,6,3,2,3,0,1,0,1,0,1,0,0,0,0,0,1,0,1,1,1,0,0,2,1,0,0,1,0,1,0,1,0,0,0,1,1,0,2,0,1,1,1,0,1
MAG-154,2,2,1,2,1,0,2,1,1,6,4,2,3,3,3,5,1,4,0,1,0,0,0,0,1,2,4,0,2,2,0,1,1,2,2,1,4,3,2,1,1,1,1,0,6,0,0,0,0,0,0,0,1,0,1,2,1,0,0,1,0,0,2,0,1,0,0,1,0,0,2,1,1,1,1,1,0,1,0,1
MAG-155,2,1,2,1,3,1,3,3,1,0,1,1,1,0,3,1,3,2,1,0,0,0,4,3,1,2,2,0,2,2,3,1,0,0,1,1,5,1,2,3,1,0,0,1,3,0,2,0,0,0,1,1,0,0,1,1,0,0,0,1,1,0,2,1,2,0,1,0,1,0,2,0,2,4,0,1,3,0,1,0
MAG-156,3,1,5,8,5,3,2,10,1,2,8,5,5,3,4,2,6,2,1,3,1,7,2,2,2,6,2,2,2,9,4,0,0,4,1,0,4,5,2,1,3,2,3,1,2,0,0,2,3,1,1,0,2,4,1,2,1,1,1,3,2,1,1,1,1,1,2,0,1,0,3,2,2,0,0,2,2,1,2,2
MAG-157,3,0,3,2,0,0,0,0,1,5,3,0,2,2,0,0,4,0,1,0,0,0,0,1,1,1,3,2,0,0,4,2,0,2,2,0,1,2,4,1,1,2,0,0,1,0,1,1,1,0,0,0,0,1,1,2,1,0,0,1,0,0,2,1,1,0,1,0,0,2,0,0,2,1,2,0,1,0,1,0
MAG-158,6,3,16,6,15,2,5,14,1,12,13,2,13,0,15,4,20,12,2,2,2,0,10,8,4,11,10,3,15,21,15,17,4,9,16,3,14,13,8,13,6,4,4,4,0,9,3,9,4,5,4,5,14,10,4,3,4,2,0,14,3,2,6,12,2,0,9,4,6,7,8,11,6,6,2,2,7,2,4,4
MAG-159,0,1,0,2,1,0,2,0,0,1,1,0,2,0,2,2,1,0,0,2,1,2,0,0,0,1,1,0,1,1,2,3,2,0,0,0,2,0,2,0,1,2,1,0,0,1,0,2,0,0,1,0,0,1,0,0,2,1,0,0,0,1,0,1,1,1,0,2,0,0,0,1,3,1,0,0,1,0,0,4
MAG-160,0,2,4,2,3,1,1,2,1,5,1,1,2,2,4,3,6,3,0,1,0,2,1,3,1,0,1,1,1,2,1,6,1,1,3,2,2,4,2,4,1,0,0,0,1,0,0,1,0,2,1,0,2,0,3,0,2,1,0,1,0,1,1,0,2,0,1,0,1,1,2,1,1,1,1,2,1,0,1,0
MAG-161,0,0,0,0,0,0,0,0,0,0,2,0,0,0,0,0,0,1,2,0,0,1,0,1,0,1,1,0,2,0,2,0,0,2,1,1,2,0,3,0,0,0,0,0,0,0,0,0,0,0,0,0,0,0,0,0,0,0,0,0,1,0,0,0,0,0,0,0,0,0,0,0,0,0,0,0,0,0,0,0
MAG-162,0,1,1,0,1,0,0,3,1,3,0,2,1,2,0,1,3,1,1,3,0,1,1,0,0,0,1,0,0,0,0,2,2,0,0,0,1,3,2,2,0,1,0,0,1,0,0,1,0,0,0,0,0,0,0,0,1,1,0,2,0,0,1,2,3,0,0,0,2,0,3,0,0,1,0,1,2,2,1,0
MAG-163,1,0,0,0,0,0,1,2,0,5,0,0,1,0,0,0,5,1,0,0,1,3,0,0,0,0,1,0,3,0,4,0,0,0,1,0,2,0,0,5,0,0,0,0,0,0,0,0,0,0,1,0,0,0,0,0,0,0,0,0,0,0,0,0,0,0,0,0,0,0,1,0,0,0,0,0,0,0,0,0
MAG-164,0,0,0,0,0,0,0,0,0,0,1,1,0,0,0,0,0,0,0,0,0,0,0,0,0,1,0,0,0,0,0,0,0,0,0,0,2,0,0,0,0,0,0,0,0,0,0,0,0,0,0,0,0,0,0,0,0,1,0,0,0,0,0,0,0,0,0,0,0,0,0,0,0,0,0,0,0,0,0,2
MAG-165,0,0,0,0,0,10,0,0,0,0,0,23,0,0,0,0,0,0,0,10,0,0,1,0,19,0,0,0,0,0,0,0,0,0,2,14,0,0,0,0,0,0,0,1,1,0,0,1,0,0,1,2,0,0,0,0,0,0,0,0,0,1,0,0,0,0,0,0,0,0,0,0,0,0,1,0,0,0,0,0
MAG-166,0,0,0,0,2,0,0,0,1,1,1,0,0,1,2,1,1,0,1,0,0,0,1,0,1,1,0,0,0,0,1,1,0,2,2,0,0,3,2,1,4,0,3,0,0,1,2,3,0,0,1,0,2,0,0,0,0,0,2,1,0,0,1,0,1,0,3,0,0,0,0,1,1,1,3,0,0,0,0,1
MAG-167,5,4,3,3,3,4,2,2,5,5,6,12,5,2,4,0,3,2,6,10,8,2,1,20,8,1,2,5,20,3,7,35,9,2,20,0,3,4,42,1,10,16,36,29,29,10,20,9,32,11,6,10,0,12,27,0,8,14,10,10,30,3,28,7,21,13,5,9,23,11,26,32,21,27,13,21,6,6,10,44
MAG-168,4,4,2,4,4,0,4,8,2,2,1,6,3,1,3,6,4,2,4,6,5,11,8,1,8,0,0,0,3,12,0,5,3,2,5,7,10,1,2,0,4,4,2,4,3,2,1,1,1,1,0,1,6,5,1,2,1,3,3,5,1,1,2,0,5,1,4,4,1,2,1,2,2,1,3,1,3,5,5,0
MAG-169,1,1,3,4,6,0,1,7,0,2,3,3,3,1,1,1,3,0,0,1,2,5,3,1,3,3,0,0,1,6,2,1,2,0,0,2,5,0,0,1,0,0,0,0,0,0,0,0,1,0,0,0,2,0,1,2,0,0,0,1,0,2,1,0,0,0,1,3,0,0,1,0,0,0,1,0,0,1,1,2
MAG-170,0,2,10,19,5,0,10,15,2,1,3,3,0,1,3,2,2,4,4,0,1,13,9,1,2,16,5,0,3,15,3,2,1,2,2,5,9,2,3,1,2,1,0,1,2,1,0,2,1,0,0,1,0,0,2,1,1,1,1,1,0,0,1,1,1,0,2,0,2,2,0,0,0,1,1,1,0,2,0,4
MAG-171,6,0,5,4,6,0,4,4,0,2,3,1,2,3,0,1,1,1,1,1,0,4,8,5,2,3,1,0,6,1,4,7,1,0,3,1,2,2,2,0,1,2,0,1,0,1,0,1,0,0,0,1,0,0,1,1,1,0,0,0,0,0,1,1,0,0,2,1,0,0,0,1,3,0,0,0,1,3,1,0
MAG-172,45,11,123,133,93,9,67,111,12,37,40,9,42,41,30,19,43,33,12,0,7,130,108,6,15,105,25,13,9,101,33,13,24,25,6,19,125,31,14,26,0,2,2,4,3,4,0,6,3,2,5,3,3,5,0,0,0,1,3,4,1,2,4,2,6,2,6,1,2,2,4,4,7,1,2,1,2,0,3,3
MAG-173,0,0,4,1,2,0,4,1,0,1,1,0,1,0,1,0,3,1,0,0,3,0,0,1,1,3,0,0,0,0,0,3,0,5,0,0,0,1,4,1,0,0,0,3,1,3,1,1,3,1,1,1,0,2,0,1,1,0,0,3,0,1,1,2,0,2,1,1,0,1,0,0,1,1,0,1,1,2,0,1
MAG-174,22,1,10,10,7,0,10,0,0,21,17,1,9,31,15,2,21,14,0,1,0,10,11,3,0,6,10,0,10,17,16,11,0,17,7,1,15,10,9,11,0,7,1,0,0,0,0,0,0,10,14,10,1,0,0,0,0,9,0,0,0,8,0,0,9,0,0,11,0,0,8,0,3,1,0,5,3,9,0,2
MAG-175,2,1,3,1,1,0,1,2,0,1,2,2,4,2,4,5,1,0,4,0,3,0,2,0,1,2,2,1,1,3,2,1,1,1,2,2,3,2,1,2,2,0,0,2,1,1,0,2,1,1,2,1,2,0,2,0,2,0,1,1,3,1,0,0,1,3,1,0,2,2,0,1,0,2,0,1,1,1,0,0
MAG-176,2,7,4,1,3,9,1,4,4,3,1,10,4,0,1,8,1,1,6,0,3,8,6,1,9,1,0,4,1,8,1,4,1,1,2,6,1,0,1,0,3,1,25,40,2,1,15,0,23,2,1,0,1,3,0,1,1,5,2,0,24,4,1,2,4,4,1,0,19,2,2,37,3,33,20,5,0,1,0,31
MAG-177,19,1,18,29,11,0,16,22,1,30,19,2,14,15,22,0,24,14,1,2,2,12,14,18,2,7,17,3,21,20,16,36,1,13,32,0,13,17,38,15,36,90,5,0,38,33,5,34,3,79,94,100,34,40,39,69,78,82,34,27,4,68,17,39,13,68,53,0,2,67,23,4,26,1,3,25,44,55,0,9
MAG-178,152,2,96,94,74,2,58,116,0,186,166,1,156,139,197,2,150,119,1,1,2,80,79,189,2,102,116,5,177,111,153,232,1,146,243,5,71,184,335,122,310,641,19,11,218,231,5,367,12,860,600,654,313,273,148,808,543,758,267,296,10,517,245,405,185,743,327,836,3,822,171,9,195,14,6,149,347,736,325,16
MAG-179,2,0,2,0,0,0,0,1,0,3,7,1,4,1,6,0,7,4,1,0,0,2,1,7,0,5,0,0,3,1,3,7,1,2,4,0,0,5,3,2,1,2,1,0,8,2,0,0,2,0,4,0,0,1,15,1,1,1,1,1,0,0,11,1,12,4,0,2,1,2,10,0,19,3,3,9,0,1,0,0
MAG-180,0,0,1,1,2,0,0,0,0,2,5,0,0,2,1,0,0,3,0,1,1,1,1,1,0,1,1,1,1,0,0,0,2,0,0,0,0,4,3,2,0,0,1,1,2,0,0,0,1,3,3,1,1,1,2,0,0,0,0,1,0,2,2,0,0,1,0,1,0,1,1,1,1,1,0,1,0,0,0,1
MAG-181,11,5,14,17,10,7,0,15,1,8,2,5,8,4,5,17,5,6,5,9,8,11,7,6,7,12,4,4,2,9,8,0,12,6,3,8,10,4,4,1,13,7,21,0,4,11,6,22,16,7,5,6,15,10,4,6,7,9,23,14,0,3,4,4,3,5,12,5,16,6,0,20,3,22,12,2,9,4,13,25
MAG-182,0,45,84,50,64,17,45,89,24,63,0,0,46,56,63,46,35,38,34,62,27,74,59,5,55,102,28,32,19,63,53,17,53,46,13,45,65,52,14,46,61,26,58,39,9,59,32,53,41,28,26,21,62,68,7,25,21,41,47,48,32,11,6,54,7,28,69,27,33,28,5,35,4,30,13,4,43,20,48,45
MAG-183,23,51,71,73,53,34,58,42,52,26,36,82,29,19,29,70,15,20,63,80,39,73,58,7,82,71,19,29,9,68,19,8,69,0,9,68,62,26,8,14,44,41,0,464,14,43,285,52,258,28,27,17,0,68,14,36,32,38,0,39,383,37,19,53,14,39,56,38,314,34,16,420,0,343,330,17,37,25,33,334
MAG-184,1,0,0,1,1,0,2,0,1,3,3,1,1,2,3,2,0,0,1,1,1,1,2,2,1,4,1,0,1,6,2,1,0,4,2,0,1,0,3,0,2,6,1,4,1,1,0,0,0,4,10,2,2,3,2,4,7,3,1,0,1,3,0,1,1,8,2,8,0,5,2,0,4,0,1,0,4,5,2,2
MAG-185,50,4,23,41,26,0,26,34,1,55,54,2,42,50,66,0,48,54,1,2,1,41,35,0,2,28,55,0,0,44,64,77,0,59,51,1,35,68,0,44,45,83,4,4,54,42,1,53,7,120,87,67,51,58,45,90,71,93,0,57,4,83,58,37,31,119,53,91,3,106,63,2,107,8,1,0,0,81,31,2
MAG-186,15,0,43,45,36,2,28,34,8,19,22,6,15,7,22,7,17,17,4,7,9,30,26,2,12,22,17,3,2,46,0,3,7,11,2,0,34,18,1,9,4,2,5,4,2,0,2,5,3,3,3,3,4,4,8,2,2,6,2,7,4,2,2,8,3,1,9,1,7,4,0,4,0,1,1,0,0,2,0,5
MAG-187,4,0,1,2,1,0,2,2,2,3,8,1,10,3,8,1,5,7,0,0,0,0,4,2,1,5,1,1,1,2,3,4,0,6,2,0,0,4,0,5,1,0,1,1,0,0,1,2,1,1,3,0,0,0,1,1,0,0,0,2,0,1,2,0,0,1,2,0,1,1,0,1,3,1,2,4,0,0,1,1
MAG-188,31,6,0,59,28,1,25,32,2,28,26,5,30,28,39,5,21,15,1,0,2,37,30,9,4,53,24,6,14,33,19,14,2,0,8,3,34,26,16,22,4,5,7,9,6,7,3,9,7,3,0,4,5,8,8,5,2,4,3,11,3,6,13,2,8,7,8,2,9,0,6,4,12,8,6,6,8,4,7,7
MAG-189,17,1,8,15,7,2,9,15,2,24,38,2,24,29,37,5,31,14,2,1,3,0,5,8,4,7,15,2,11,9,0,10,1,25,8,1,13,36,15,23,1,3,0,2,10,1,1,2,1,2,2,0,3,3,4,2,1,2,2,3,0,1,3,4,0,0,2,0,3,2,4,2,5,1,1,5,3,2,1,1
MAG-190,3,8,6,4,2,2,5,7,7,3,5,8,3,1,6,12,2,3,5,8,9,4,0,4,1,4,3,2,4,3,1,5,0,1,0,5,3,1,3,3,12,8,17,24,7,18,20,15,24,4,0,10,19,17,3,5,5,9,13,17,28,2,3,15,2,7,12,6,28,7,3,18,4,15,15,5,16,5,16,23
MAG-191,3,23,4,4,2,16,1,8,45,7,5,24,1,1,9,28,3,2,19,33,17,6,3,4,13,5,1,18,4,5,6,2,32,4,3,26,6,3,5,1,16,21,30,34,1,21,9,12,27,4,12,8,30,28,7,10,11,13,19,19,24,0,3,10,3,16,13,12,17,0,4,39,3,22,16,4,13,13,15,31
MAG-192,4,393,10,17,8,438,6,7,572,3,8,0,10,12,4,771,12,7,469,0,548,9,0,9,0,10,6,523,0,8,5,0,391,6,5,399,4,13,12,2,6,24,271,144,8,19,106,14,129,13,37,24,0,8,7,27,19,19,22,10,152,21,10,11,7,34,0,26,190,26,11,171,11,0,119,5,13,15,7,249
MAG-193,1,6,6,5,2,3,2,0,3,0,4,9,5,4,0,5,3,2,4,11,14,0,5,1,6,3,2,6,6,0,2,1,4,0,0,4,2,4,2,3,40,23,10,14,3,50,0,44,13,15,18,18,34,49,0,21,16,19,49,45,10,15,1,32,1,14,56,27,12,21,5,9,1,10,13,3,35,11,35,21
MAG-194,9,7,12,8,8,5,3,6,5,11,0,11,13,7,16,9,8,8,5,13,5,7,9,11,9,11,7,6,7,5,6,14,9,10,5,4,2,4,13,11,144,0,115,93,3,125,90,86,97,26,26,23,132,156,9,32,32,30,98,0,76,35,8,81,11,30,168,35,87,41,9,88,9,80,49,6,71,24,64,115
MAG-195,1,2,1,6,4,0,1,4,0,2,1,0,1,3,3,0,4,3,0,0,1,3,3,3,0,0,0,0,1,3,3,5,3,1,0,1,3,5,2,0,0,1,2,0,0,0,3,2,0,1,3,1,2,0,1,0,0,1,0,0,0,2,2,0,0,0,1,0,1,4,1,0,2,2,0,0,1,0,1,0
MAG-196,9,2,0,0,0,2,0,0,0,6,9,0,5,4,8,2,3,0,0,0,2,2,1,3,1,2,0,0,2,1,7,4,1,4,3,1,1,10,5,6,0,2,0,0,0,1,0,0,1,0,0,1,1,0,2,1,2,1,0,1,1,1,1,2,0,1,1,0,0,0,3,0,2,0,0,1,0,1,1,1
MAG-197,18,1,8,4,8,1,3,6,0,24,13,1,21,23,25,4,18,11,0,0,0,3,10,2,1,6,10,0,0,8,26,4,1,16,3,0,6,17,7,12,2,1,1,2,4,0,1,1,2,2,0,0,0,1,2,1,2,0,0,0,1,1,1,4,0,1,7,0,0,4,0,0,4,0,0,4,1,0,0,0
MAG-198,6,0,2,2,3,0,0,3,1,0,11,1,0,5,8,1,8,8,0,1,0,1,1,6,4,2,8,0,4,1,10,10,0,7,15,3,2,8,7,10,2,1,0,1,2,1,0,0,0,1,1,0,0,2,3,3,1,0,2,1,0,2,3,0,4,2,2,1,0,0,0,2,3,2,2,1,2,0,1,0
MAG-199,84,0,8,14,11,1,9,5,1,60,84,0,58,58,87,0,70,61,3,2,1,18,9,19,1,10,67,0,34,9,62,45,2,51,56,0,12,89,47,55,3,0,0,0,16,3,0,1,1,1,1,1,2,1,19,0,0,1,2,0,0,1,15,2,7,1,2,0,0,0,10,0,20,0,0,12,1,0,1,0
MAG-200,51,0,15,21,24,2,16,22,1,42,66,0,57,49,56,0,52,49,0,0,0,20,11,10,2,30,47,1,19,23,47,15,0,38,0,2,22,42,19,49,0,2,2,1,0,0,2,1,0,0,3,2,3,0,10,1,1,0,2,0,1,0,11,3,5,1,2,0,0,1,9,2,11,0,1,6,0,2,3,1
MAG-201,39,0,0,341,261,2,130,308,2,40,28,1,34,35,30,1,29,23,1,1,0,156,185,0,2,235,36,0,1,247,36,2,1,24,3,1,259,37,4,14,79,3,1,1,1,95,0,56,0,1,1,1,76,64,1,0,4,0,63,39,1,3,1,33,0,1,92,1,0,4,3,3,1,1,0,2,39,1,52,0
MAG-202,12,0,6,7,5,0,11,9,3,8,8,0,4,11,8,1,10,4,1,0,1,0,5,0,0,3,3,0,12,7,10,8,2,8,9,2,8,7,10,13,1,2,1,2,6,6,1,6,1,0,2,0,4,9,6,0,0,1,3,0,0,2,10,4,0,2,0,1,1,0,8,3,10,1,1,5,3,0,1,2
MAG-203,20,0,9,14,8,0,12,9,2,26,25,1,24,27,29,0,28,18,1,3,0,10,8,6,2,11,0,0,3,0,27,4,1,14,4,2,0,24,4,19,2,3,0,3,7,4,3,0,1,1,1,3,1,2,2,3,5,4,2,3,1,1,3,3,1,3,1,4,2,3,4,2,5,2,0,4,3,2,0,0
MAG-204,10,100,42,40,27,72,32,41,118,3,5,100,0,3,2,111,2,3,116,183,136,37,37,1,179,62,5,85,3,37,4,2,149,3,0,120,41,3,4,7,29,4,3,1,0,42,0,27,1,9,7,0,35,35,1,4,0,5,30,27,0,3,1,20,2,4,39,6,1,6,1,1,1,0,1,1,22,4,27,1
MAG-205,0,3,6,0,2,3,0,10,3,5,4,5,3,1,5,6,2,4,6,0,1,6,2,1,2,8,1,0,3,5,4,5,6,2,0,7,2,3,2,2,1,4,4,2,2,1,1,0,0,1,5,2,3,1,2,7,2,6,2,3,0,1,1,3,0,1,4,4,0,4,0,1,0,0,1,3,3,3,3,0
MAG-206,2,0,1,1,2,0,1,1,1,3,5,1,3,3,6,1,0,2,2,3,2,0,1,6,1,1,0,1,3,3,4,5,1,0,1,1,0,0,6,4,2,2,2,2,18,0,1,2,1,3,3,2,0,0,16,5,0,1,1,1,1,0,24,2,29,2,1,6,2,2,17,0,23,1,1,17,0,1,1,1
MAG-207,2,0,1,4,0,0,3,1,1,0,4,1,6,3,1,0,1,1,0,1,0,2,1,0,3,2,3,0,0,1,5,1,1,0,0,1,0,1,1,1,1,0,0,1,0,0,1,0,1,0,1,0,3,0,3,1,1,0,3,0,1,0,0,0,1,1,1,0,0,1,0,3,1,1,2,0,1,1,2,1
MAG-208,2,2,0,1,1,0,0,0,1,2,2,0,1,2,4,0,1,0,0,0,0,1,0,2,1,0,0,0,3,0,0,8,0,0,4,2,2,1,3,0,2,0,0,2,2,1,0,0,0,0,1,1,2,2,0,0,0,1,2,0,1,0,2,1,3,1,1,2,1,0,3,0,6,1,0,3,1,2,1,0
MAG-209,23,167,10,10,28,97,8,9,156,44,32,164,34,27,35,294,20,27,155,206,167,10,7,0,217,19,20,83,2,10,39,1,179,24,5,178,19,36,2,36,2,2,14,21,2,2,11,6,13,0,3,0,2,0,0,2,0,0,5,3,15,2,0,3,1,2,2,2,13,1,2,13,0,14,9,3,3,1,3,14
MAG-210,10,0,2,0,1,0,0,3,0,5,7,0,2,9,4,0,0,5,0,0,2,2,1,3,0,0,6,1,1,1,7,4,0,2,2,1,2,3,5,9,2,4,0,1,6,2,0,0,0,1,6,5,0,0,5,11,1,4,2,0,1,0,3,0,4,4,0,3,0,4,2,1,7,0,0,5,0,4,2,0
MAG-211,8,0,2,4,2,0,1,1,0,9,8,0,7,9,10,1,4,4,0,0,0,1,1,5,0,3,4,0,3,1,7,8,2,7,5,1,5,5,6,4,2,3,0,0,5,6,0,8,2,3,14,1,4,4,6,6,6,2,7,3,1,6,3,3,1,4,5,2,1,8,2,1,5,0,0,1,4,0,6,2
MAG-212,6,1,1,2,4,0,3,1,1,8,5,0,7,5,7,0,5,9,1,0,0,2,2,2,1,4,1,0,2,5,3,3,1,5,1,1,0,6,1,0,1,2,0,2,4,0,0,1,0,1,4,4,1,4,6,3,4,7,1,2,1,0,1,0,0,4,5,2,2,3,0,2,3,0,1,1,0,3,2,2
MAG-213,114,1,12,27,9,0,12,18,0,78,79,0,64,71,91,2,81,68,0,4,0,23,9,28,0,17,99,0,41,14,74,59,0,51,32,2,11,59,56,58,40,43,2,1,48,44,0,34,1,20,27,16,51,0,0,26,22,0,38,46,1,30,43,58,33,21,47,20,0,44,32,0,47,0,0,71,54,0,53,0
MAG-214,11,2,0,1,4,0,1,1,0,3,14,0,9,5,8,1,5,3,0,0,1,2,2,2,0,0,6,1,2,2,3,2,2,6,2,0,1,3,5,8,3,5,0,3,3,5,0,3,0,3,3,0,2,0,1,7,2,4,2,4,0,0,4,2,1,3,2,3,1,0,1,2,2,1,0,0,0,2,6,4
MAG-215,13,1,0,4,2,1,1,2,0,10,15,0,12,12,11,1,9,8,0,1,1,3,1,2,0,0,2,1,5,1,15,9,1,10,6,0,3,9,10,8,0,3,0,0,5,0,0,0,1,4,6,5,1,1,6,0,4,0,0,2,1,4,2,2,5,8,1,4,1,9,3,3,4,2,1,5,1,4,1,0
MAG-216,11,0,4,1,9,0,4,10,0,6,9,0,7,12,7,1,14,0,1,0,2,4,9,3,1,6,14,0,2,6,11,1,0,8,3,1,1,9,2,10,2,6,2,0,6,2,0,3,0,3,7,3,1,1,3,0,2,2,1,1,2,2,3,0,3,2,1,1,2,7,1,0,6,1,0,6,2,2,1,1
MAG-217,15,0,7,6,1,1,5,6,0,9,5,0,10,7,10,2,10,5,2,0,3,2,1,8,0,5,12,1,5,6,8,9,0,6,7,2,3,10,10,6,3,1,0,1,7,2,0,2,0,3,3,3,3,1,3,2,0,0,3,3,0,2,4,3,4,1,2,1,1,1,6,2,5,0,0,6,0,1,1,0
MAG-218,8,1,4,3,3,0,1,3,0,12,6,0,9,10,8,2,9,5,1,0,0,6,1,4,1,4,5,1,7,3,13,3,2,4,5,2,1,8,3,11,1,4,0,0,2,1,0,0,1,2,2,4,3,1,2,3,3,3,3,0,0,3,3,3,3,4,0,2,0,3,5,0,1,4,0,3,1,3,1,0
MAG-219,41,0,6,9,6,1,4,7,0,38,40,0,0,52,43,1,38,24,0,0,1,4,7,39,0,5,31,0,40,5,47,48,0,39,35,0,2,47,59,28,0,9,0,0,0,3,0,3,0,1,7,4,1,0,20,6,5,3,1,0,0,5,19,1,17,3,1,6,0,1,23,0,26,0,0,20,0,2,2,3
MAG-220,39,3,12,8,0,1,0,16,2,58,61,4,50,0,56,0,48,36,4,2,1,8,3,18,5,16,56,0,15,15,58,20,0,32,11,3,9,33,15,29,34,0,16,12,16,42,6,27,4,29,42,23,44,32,16,36,47,41,23,27,3,32,6,24,11,34,45,36,8,33,15,0,16,8,4,13,0,32,29,13
MAG-221,7,0,5,3,2,1,1,9,0,11,7,1,12,4,10,2,8,0,0,2,1,4,4,5,1,3,8,0,8,0,7,10,0,4,3,1,4,13,12,3,2,3,1,1,4,1,1,2,0,0,3,0,2,1,10,2,0,3,3,2,1,1,7,0,5,3,4,1,0,1,2,1,3,1,1,2,2,2,0,0
MAG-222,1,6,2,1,0,0,1,0,2,3,2,4,3,3,2,3,3,1,1,7,1,3,2,1,3,1,3,4,2,1,3,3,4,7,2,2,2,2,1,5,0,1,118,136,0,1,82,0,117,0,0,0,0,0,0,0,1,2,2,3,127,2,3,1,0,4,1,0,76,1,3,128,2,149,83,1,2,0,1,180
MAG-223,5,0,2,0,1,0,0,0,0,1,1,0,2,4,2,0,2,0,1,1,0,0,2,3,0,0,4,1,6,0,0,4,0,1,3,2,0,1,5,6,0,2,0,2,5,0,1,0,0,2,0,0,0,0,0,2,0,1,0,2,0,1,4,0,5,3,0,1,0,0,0,0,0,0,0,0,0,0,0,0
MAG-224,4,0,2,1,1,2,3,2,0,5,4,1,4,3,3,0,4,1,1,1,0,0,0,10,0,1,1,0,10,0,5,21,1,3,17,0,0,6,23,3,0,1,2,1,49,1,0,1,0,1,0,0,0,1,25,1,0,0,0,0,0,1,38,1,0,0,2,1,1,3,24,0,22,2,2,56,0,1,0,0
MAG-225,0,0,0,0,0,0,0,0,0,0,0,0,0,0,0,0,0,0,0,0,0,0,0,0,0,0,0,0,0,0,0,0,0,0,0,0,0,0,0,0,0,0,0,0,0,0,0,0,0,0,0,0,0,0,0,0,0,0,0,0,0,0,0,0,0,0,1,0,0,0,0,0,0,0,0,0,0,0,0,0
MAG-226,0,0,0,1,0,0,0,0,0,0,0,1,0,0,0,0,0,0,0,1,0,0,1,0,0,0,0,0,0,0,0,0,0,0,0,0,0,0,0,0,9,0,0,0,0,7,0,19,0,0,0,0,0,10,0,0,0,0,9,0,1,0,0,0,1,0,12,1,0,0,0,0,0,1,0,1,0,0,9,0
MAG-227,3,0,2,2,4,0,1,1,0,4,2,1,4,4,6,0,2,4,0,0,1,0,1,0,1,0,3,0,0,2,5,2,0,3,1,0,1,7,0,4,1,2,2,2,3,0,0,1,0,7,2,0,0,0,2,3,1,4,1,3,1,2,1,0,1,4,1,5,1,2,3,0,2,0,0,2,0,4,3,0
MAG-228,2,0,3,1,0,1,0,1,0,5,4,0,6,3,2,2,1,0,1,2,0,0,3,3,2,1,1,0,5,1,5,1,0,1,2,1,1,1,7,1,0,1,1,2,0,1,0,1,1,1,3,0,2,4,1,0,1,1,1,0,1,1,1,0,1,0,1,0,0,2,4,0,2,1,0,2,1,0,2,1
MAG-229,1,1,0,0,1,1,0,1,1,0,0,1,1,0,1,2,2,2,1,1,1,3,1,1,0,1,1,0,3,5,4,0,1,0,2,1,0,0,1,0,1,4,1,1,2,1,2,1,1,4,10,8,2,4,5,7,10,10,3,2,2,7,2,3,2,10,2,5,1,11,5,0,0,0,1,1,5,9,3,1
MAG-230,1,273,1,5,1,363,5,0,167,1,2,393,2,5,1,0,1,2,283,462,291,1,1,1,407,1,1,139,1,4,2,3,186,0,1,441,2,0,5,0,3,0,4,0,3,1,1,4,2,2,2,0,4,3,3,0,0,0,4,2,1,2,2,2,5,1,1,1,1,3,1,1,1,3,0,4,0,0,2,2
MAG-231,12,3,8,12,7,4,10,13,3,7,12,1,14,13,11,5,7,9,2,7,0,11,10,2,4,13,6,0,7,0,0,4,0,8,2,2,7,11,7,6,5,5,2,4,4,3,1,1,0,1,8,4,1,3,8,6,0,12,5,5,0,6,2,2,2,8,3,3,1,8,1,1,4,2,2,3,3,4,1,1
MAG-232,1,0,1,0,1,0,0,0,0,1,0,0,0,0,1,0,0,3,1,0,0,0,0,3,0,2,2,0,0,0,2,3,0,1,3,0,0,1,5,0,5,5,1,1,0,6,2,10,3,3,1,3,6,7,2,0,3,4,6,2,2,1,3,4,0,2,8,2,1,2,1,3,3,2,1,2,6,4,5,3
MAG-233,9,0,3,0,4,0,1,1,0,15,13,0,6,7,16,0,5,11,0,1,0,2,4,8,1,2,8,2,7,4,7,9,0,9,6,1,3,7,11,5,0,1,0,0,1,0,0,1,0,0,0,0,1,0,2,0,0,1,2,0,0,0,1,0,0,0,1,0,0,0,3,0,0,1,2,1,0,0,0,0
MAG-234,5,0,0,0,0,1,0,0,0,5,11,0,0,4,6,0,0,0,1,0,1,0,1,13,0,0,6,0,0,0,0,25,1,3,14,0,0,0,0,0,0,0,1,0,0,0,1,0,0,0,0,0,0,0,3,0,1,0,0,0,0,0,0,0,0,0,0,0,0,0,0,0,0,0,0,0,0,0,0,0
MAG-235,11,0,4,5,6,0,1,3,0,10,18,1,0,18,22,2,12,8,3,2,1,5,3,34,0,1,12,0,25,4,11,31,1,7,33,1,2,11,43,15,1,1,0,0,12,3,0,0,3,0,0,1,2,2,7,0,0,0,3,0,1,0,10,0,9,2,0,0,0,0,11,0,13,0,0,5,1,1,0,2
MAG-236,5,0,1,3,0,2,0,1,2,8,5,1,5,3,7,0,5,6,0,0,0,0,2,21,0,3,5,0,11,1,7,17,2,6,18,1,1,2,27,6,0,0,1,0,3,0,0,1,0,0,0,0,0,0,0,0,0,0,0,0,2,0,0,0,5,0,0,0,0,0,0,0,3,0,0,2,0,0,4,0
MAG-237,4,1,5,6,6,0,6,15,2,2,4,1,0,7,4,1,4,6,2,1,2,4,12,0,1,9,7,0,2,8,3,1,1,6,0,2,12,3,0,4,0,1,0,0,1,0,2,0,0,0,0,0,0,0,0,0,1,0,0,1,0,0,0,0,0,0,0,0,0,0,0,2,0,0,0,0,0,1,0,2
MAG-238,1,0,0,0,0,1,0,2,0,1,2,3,2,3,1,1,2,0,1,0,0,2,2,0,0,1,0,0,2,1,1,4,0,0,3,0,2,1,3,1,9,0,3,2,3,5,5,9,0,1,1,0,10,9,1,0,0,1,0,12,0,1,2,5,4,1,5,0,3,0,1,4,0,2,1,3,7,1,8,6
MAG-239,5,0,3,7,3,0,4,7,1,4,0,1,6,7,4,3,3,2,0,0,2,7,3,2,2,4,5,0,6,4,4,0,1,0,2,4,0,5,4,7,0,0,0,0,2,1,4,0,1,0,1,0,1,0,4,0,1,3,0,1,0,1,1,1,2,1,1,1,1,1,5,0,5,3,0,1,2,0,1,2
MAG-240,2,0,2,5,1,3,1,1,0,5,2,1,5,4,1,0,4,3,0,0,0,1,1,1,0,1,1,1,1,3,0,3,4,0,3,2,2,3,2,3,0,0,1,0,0,0,0,0,2,1,1,0,0,0,0,2,0,0,0,2,0,1,0,2,0,1,1,0,0,0,0,0,1,1,1,0,1,0,0,0
MAG-241,2,1,1,0,0,1,0,0,0,1,2,1,5,0,2,1,2,0,0,0,0,2,3,2,0,3,3,0,2,1,2,5,0,5,6,0,0,4,5,0,1,4,11,7,5,3,0,0,9,5,3,0,1,1,7,3,1,5,2,3,6,2,1,0,2,1,2,2,6,2,2,6,1,13,4,6,5,0,2,5
MAG-242,0,1,0,3,2,1,2,1,1,4,4,0,0,2,3,0,4,0,1,0,0,1,0,2,0,1,5,0,3,0,3,7,2,2,0,0,2,4,4,0,3,5,0,1,0,3,0,0,2,5,3,2,1,1,0,1,0,3,3,0,0,2,0,0,0,4,2,2,0,3,2,0,1,1,0,1,2,5,2,0
MAG-243,4,4,15,14,12,3,5,14,2,0,5,9,3,6,7,4,0,5,5,8,2,0,9,5,6,11,2,9,1,8,5,3,9,5,4,2,13,6,5,0,11,4,1,0,5,10,0,5,1,0,0,1,11,9,1,1,0,2,4,6,0,2,4,12,1,0,10,1,1,0,2,2,4,1,0,4,11,2,9,1
MAG-244,1,1,0,1,1,0,0,1,0,0,1,0,3,0,0,1,1,0,0,0,1,2,0,0,1,0,1,1,1,1,0,0,2,1,1,2,3,0,2,2,0,1,0,1,0,0,0,0,1,0,1,0,0,2,0,0,0,1,0,0,0,0,1,0,0,0,0,0,0,0,1,0,3,0,0,1,0,0,2,1
MAG-245,1,0,0,1,0,0,1,0,0,0,1,1,1,0,1,2,3,2,0,0,0,2,1,0,1,0,0,0,1,0,1,0,1,0,3,0,2,1,5,1,0,1,0,1,2,0,0,1,0,1,1,1,0,0,0,3,1,1,0,0,0,4,1,1,2,1,2,1,1,2,0,0,0,1,0,0,0,2,1,0
MAG-246,1,0,0,1,0,0,2,0,0,0,1,3,2,2,1,1,0,1,0,1,0,0,0,1,1,0,0,0,3,1,2,1,1,1,0,1,0,1,3,1,0,0,0,0,0,0,1,1,0,3,1,0,0,0,1,2,0,3,0,0,1,1,1,0,1,3,1,0,0,0,0,0,1,0,0,2,0,2,0,0
MAG-247,9,3,11,10,9,6,10,15,5,9,11,7,7,13,11,6,6,10,4,6,8,8,7,1,0,15,11,4,4,8,0,3,5,4,0,5,12,9,4,3,14,7,4,8,4,13,4,3,0,0,11,8,0,9,1,4,9,20,13,12,4,15,3,11,1,6,6,6,4,9,4,5,0,2,5,1,6,9,8,0
MAG-248,7,5,45,0,21,4,24,24,11,4,13,7,14,6,12,13,14,6,10,12,3,20,22,1,3,36,13,9,2,17,7,4,12,7,2,9,11,12,4,5,5,6,3,1,0,4,0,7,0,9,6,5,4,11,0,6,4,7,9,6,1,4,3,4,1,6,2,5,5,5,2,0,0,0,0,0,4,5,5,6
MAG-249,0,0,4,6,2,1,6,2,2,6,3,2,1,5,3,3,2,4,4,6,5,6,4,3,5,6,2,1,0,3,3,2,4,2,5,1,4,3,4,7,0,1,0,0,2,0,0,0,0,0,1,1,1,1,2,2,0,0,2,0,0,0,2,0,0,1,1,0,1,0,2,3,2,0,0,0,1,0,0,0
MAG-250,0,0,0,0,0,0,0,0,0,4,3,0,2,3,5,0,0,0,0,0,0,0,0,2,0,0,0,0,3,1,0,0,0,0,2,0,0,3,1,0,0,0,0,0,0,0,0,0,0,0,0,0,0,0,0,0,1,0,0,1,0,0,0,0,0,0,0,0,0,0,0,0,1,0,0,0,0,0,0,0
MAG-251,0,0,1,1,0,0,1,2,0,4,2,0,2,0,2,0,0,1,1,0,0,5,0,0,0,2,0,0,0,0,1,3,0,0,0,0,1,5,1,0,0,3,0,0,0,0,0,0,0,1,1,0,0,1,0,1,0,0,0,0,0,1,0,0,1,2,1,1,0,0,0,0,0,0,1,1,0,0,0,1
MAG-252,0,1,2,1,0,0,0,1,0,0,1,1,2,2,0,0,0,2,0,0,0,2,0,0,0,0,0,2,0,2,1,2,0,3,1,0,1,2,1,1,1,2,2,1,0,0,0,1,1,0,1,0,0,1,0,0,0,2,0,0,0,1,0,0,1,0,0,0,0,0,2,1,0,1,0,1,0,0,0,1
MAG-253,0,1,0,0,0,0,1,3,2,5,5,0,2,1,2,1,4,0,0,0,0,0,3,1,0,3,0,0,0,3,3,0,0,0,0,0,2,1,0,3,1,0,0,1,0,0,0,2,0,0,1,1,4,3,2,0,0,2,2,1,0,1,0,3,0,0,0,1,1,1,0,0,1,0,0,0,5,1,5,1
MAG-254,6,0,4,11,6,0,6,7,0,13,12,0,9,4,7,0,6,5,1,0,0,5,6,0,0,5,10,1,3,3,5,6,2,9,2,0,5,8,11,7,7,0,0,0,2,3,0,7,0,1,3,1,8,7,2,3,0,2,3,9,0,2,1,8,1,1,4,1,0,4,1,0,1,0,0,0,8,0,8,2
MAG-255,0,0,1,1,2,0,0,0,1,3,0,1,0,0,0,0,0,1,0,0,0,0,0,1,0,2,3,0,0,0,0,0,1,0,0,1,0,1,2,1,0,0,0,0,0,0,0,0,0,0,0,0,0,0,0,0,0,0,0,0,0,0,0,0,0,1,0,0,0,1,0,0,0,0,0,0,0,0,0,0
MAG-256,1,0,5,4,4,1,0,1,1,3,5,1,2,4,3,0,3,4,0,2,0,8,1,0,1,4,3,1,1,4,2,4,4,1,2,2,1,7,3,0,0,1,2,1,3,1,1,4,1,0,1,2,1,0,0,1,1,2,1,3,0,0,1,2,2,0,1,0,0,1,2,0,2,1,0,2,1,0,0,0
MAG-257,1,0,5,4,3,1,4,2,0,4,1,1,2,1,1,1,2,2,3,4,1,1,0,2,4,4,0,0,1,0,7,3,2,0,0,2,1,5,2,0,0,0,0,0,0,0,0,0,0,0,0,0,0,0,0,0,0,0,0,0,0,0,0,0,0,0,0,0,0,0,0,0,0,0,0,0,0,0,1,0
MAG-258,2,0,0,1,0,0,0,3,0,2,1,0,0,0,2,0,0,0,1,1,0,1,0,0,0,0,0,0,0,0,1,0,2,0,0,0,0,1,0,0,0,0,0,0,0,0,0,0,1,1,1,0,0,0,1,1,0,0,0,0,2,1,1,0,2,1,0,0,0,1,0,1,1,1,1,0,0,0,1,0
MAG-259,1,0,0,0,0,0,0,1,0,0,1,0,0,1,0,1,1,1,0,1,0,2,2,0,1,1,0,1,2,0,0,0,1,1,1,0,0,1,1,2,1,1,0,0,1,1,0,0,1,0,0,0,0,1,0,1,1,0,0,0,0,0,0,0,1,0,0,0,1,0,0,1,1,0,0,0,0,1,0,0
MAG-260,0,0,0,0,0,0,0,0,0,0,0,0,0,0,0,0,0,0,0,0,0,0,0,0,0,0,0,0,0,0,0,0,0,0,1,0,0,0,0,0,0,0,0,0,0,0,0,0,0,0,0,0,0,0,0,0,0,0,0,0,0,0,0,0,0,0,0,0,1,0,0,0,0,0,0,0,0,0,0,2
MAG-261,0,0,0,1,2,1,0,0,0,0,2,0,0,0,1,0,0,1,0,0,0,0,0,0,1,0,0,0,0,0,2,0,0,0,0,0,0,1,0,1,0,0,0,0,0,0,1,0,0,0,1,0,1,0,2,0,0,1,0,2,0,1,0,0,0,0,1,0,1,0,0,0,0,0,0,0,2,1,0,1
MAG-262,0,0,2,4,0,0,1,1,1,3,6,0,3,7,4,0,1,1,0,0,0,1,0,3,0,0,0,0,0,0,3,3,0,0,2,0,2,2,2,0,0,0,0,2,0,3,0,1,0,0,4,0,1,0,2,1,2,0,0,2,0,1,2,1,0,0,0,0,0,1,2,0,3,0,0,3,1,0,1,1
MAG-263,3,2,1,1,2,0,0,0,0,4,3,1,3,3,0,1,2,4,0,1,1,5,0,2,0,1,3,3,1,0,0,1,3,3,0,0,1,0,0,0,0,1,2,0,2,0,0,1,3,0,4,1,0,1,3,2,0,2,2,0,2,0,2,1,0,0,1,0,1,1,3,0,0,1,0,3,1,1,2,0
MAG-264,0,0,0,0,1,0,0,0,0,0,1,0,0,0,0,0,0,1,0,0,0,2,0,0,0,0,0,0,1,1,1,1,0,1,0,1,0,0,0,1,0,0,0,2,0,0,0,1,0,0,0,0,0,0,0,0,0,0,0,0,0,0,1,0,0,0,0,0,0,0,0,0,0,0,0,0,1,0,3,0
MAG-265,2,0,0,0,3,1,0,1,1,3,0,0,3,1,1,1,2,0,0,0,0,1,2,3,0,1,0,0,0,0,0,0,1,0,0,0,0,0,2,0,0,2,0,2,0,0,0,0,1,0,0,0,0,0,0,3,0,1,0,0,0,0,0,2,1,0,0,1,0,0,0,0,0,0,0,0,0,0,0,0
MAG-266,0,0,0,0,1,0,0,0,0,0,0,0,1,0,0,2,0,1,0,1,0,0,0,0,0,0,0,0,0,2,0,2,0,0,0,1,0,1,0,0,0,0,0,0,0,0,0,0,0,0,0,1,0,0,0,0,0,0,0,0,0,0,0,0,0,0,0,0,0,0,0,0,0,0,0,0,0,0,0,0
MAG-267,1,1,0,2,0,0,2,2,0,4,0,0,2,3,2,0,4,2,0,2,2,1,3,0,1,0,6,0,2,2,0,0,0,1,2,1,2,4,1,3,0,0,0,0,3,0,1,0,1,0,1,0,0,0,2,0,1,0,0,0,0,0,0,0,0,0,0,0,0,1,0,0,0,0,0,0,0,0,0,0
MAG-268,9,3,7,4,0,0,2,3,2,8,9,5,4,3,5,6,11,4,4,3,3,5,8,1,7,5,4,1,1,7,9,6,5,6,5,2,3,4,4,7,0,0,0,1,0,2,0,1,0,1,2,1,1,0,1,0,0,1,1,2,0,1,1,0,1,0,1,2,0,1,2,0,2,0,0,1,0,0,0,0
MAG-269,3,0,0,0,0,0,1,0,0,2,2,0,2,2,2,0,0,0,1,0,0,0,0,1,0,0,1,0,0,2,1,2,1,1,0,0,0,1,2,0,0,0,0,0,0,0,0,0,0,0,0,0,0,0,0,0,0,0,0,0,0,0,0,0,0,0,0,0,0,0,0,2,2,0,0,0,0,0,0,0
MAG-270,1,2,1,3,0,1,0,1,1,0,2,0,1,1,3,0,0,0,1,0,0,2,2,0,1,0,1,0,0,2,1,0,1,1,0,0,0,1,0,2,2,0,0,0,0,0,0,0,0,0,0,0,0,0,0,0,0,0,0,0,0,0,0,0,0,0,1,0,0,0,0,0,0,0,0,0,1,0,0,0
MAG-271,5,2,2,0,1,1,0,2,0,0,3,0,0,3,1,1,1,3,0,0,0,1,2,1,0,2,4,0,1,1,4,0,0,0,5,0,0,0,0,1,0,0,0,1,1,0,0,0,0,0,0,0,0,4,1,0,0,0,0,3,0,0,0,2,0,0,0,0,0,0,0,0,1,0,0,0,0,0,0,1
MAG-272,8,1,2,3,2,2,3,2,0,8,17,0,8,9,9,0,8,5,0,0,0,2,2,2,1,5,12,1,3,2,11,9,2,11,0,1,0,12,9,8,2,1,0,2,0,0,0,1,1,0,0,0,0,0,1,0,2,0,1,0,1,0,2,0,1,0,0,0,0,0,0,0,1,0,0,5,1,1,0,3
MAG-273,0,0,1,0,0,0,0,0,0,0,0,1,1,0,1,0,2,0,0,0,0,0,0,0,0,1,3,0,1,1,0,1,0,0,1,0,2,1,0,0,0,0,0,0,0,0,0,0,0,0,1,0,0,0,0,0,0,0,0,0,0,0,0,1,0,0,0,0,0,0,0,0,0,0,0,0,0,0,0,0
MAG-274,0,0,2,1,0,0,1,1,1,0,0,0,0,0,1,1,1,1,1,0,0,1,0,1,0,2,1,0,1,1,0,1,0,0,0,0,2,0,0,0,0,0,0,0,0,0,0,0,0,0,1,0,0,0,0,0,0,0,0,0,0,1,0,0,1,0,0,0,0,0,0,0,0,0,0,0,1,0,0,0
MAG-275,3,1,0,2,2,0,1,1,0,2,5,0,3,3,4,0,4,5,1,0,0,2,1,4,0,0,1,0,1,0,0,3,0,4,1,0,0,2,4,0,1,0,1,0,4,0,0,0,1,0,2,2,1,2,0,0,0,1,2,3,0,0,0,1,2,1,1,0,0,0,6,1,0,1,1,0,1,2,0,1
MAG-276,3,0,6,0,1,1,1,4,1,0,1,0,0,0,3,1,1,0,0,0,1,3,0,1,1,0,0,0,1,4,0,1,0,1,3,0,2,0,1,1,0,0,1,0,0,1,1,0,0,0,0,0,0,0,2,0,0,2,0,0,0,0,0,0,1,0,0,0,0,0,0,0,2,0,0,0,0,1,0,0
MAG-277,0,1,1,0,2,0,0,3,1,5,7,1,4,2,2,0,1,4,0,1,2,0,1,1,1,4,4,0,1,2,3,2,2,3,1,0,2,5,0,3,1,0,1,2,0,0,0,2,0,0,3,0,3,1,2,0,1,2,2,2,0,0,2,0,0,0,0,0,0,2,0,0,0,1,0,1,0,1,0,0
MAG-278,1,0,2,1,0,0,0,0,0,0,0,1,0,1,1,1,1,0,0,0,0,0,0,9,0,1,0,0,5,0,0,0,0,0,4,0,0,0,9,0,0,1,0,2,3,1,0,1,0,1,2,1,1,0,3,2,1,2,0,0,0,0,5,0,3,0,0,0,0,0,1,2,6,0,1,3,1,0,1,1
MAG-279,2,0,0,0,0,1,0,0,0,1,2,0,0,2,0,0,0,0,1,0,0,1,0,2,0,0,1,2,0,0,0,3,1,0,3,0,0,0,4,1,0,0,0,0,0,0,0,0,0,0,0,0,0,0,0,0,0,0,0,0,0,0,0,0,0,0,0,1,0,0,1,0,2,0,0,0,0,0,0,0
MAG-280,0,0,0,0,1,0,0,2,0,0,1,1,1,0,0,0,4,2,0,0,0,0,2,2,0,0,0,0,2,1,1,2,2,0,7,1,0,1,2,0,0,0,2,1,0,1,0,1,0,0,0,1,0,0,0,0,0,0,1,0,0,1,1,0,2,0,0,0,1,0,1,1,2,0,0,0,1,0,0,1
MAG-281,4,0,1,1,0,0,0,1,0,5,5,0,0,2,4,0,7,1,0,0,0,0,1,2,0,0,5,0,4,1,2,6,0,2,5,0,0,6,6,2,0,1,0,1,35,0,0,0,2,2,1,1,3,0,17,4,2,0,0,0,1,1,31,2,28,3,1,0,2,0,32,0,30,1,0,20,0,0,0,0
MAG-282,3,0,2,2,0,0,1,1,0,3,2,0,5,2,4,0,3,0,1,0,0,1,1,33,1,0,5,0,26,0,2,44,0,1,25,0,0,3,39,4,0,3,0,0,12,0,0,2,0,1,0,1,0,1,0,0,1,1,1,0,0,0,0,0,0,0,0,0,0,0,18,0,16,0,0,13,1,0,1,0
MAG-283,0,0,0,1,0,0,0,0,0,0,0,0,1,0,0,0,0,0,0,0,0,0,0,0,0,0,0,0,0,0,0,7,0,0,0,0,1,0,0,1,0,1,0,0,0,0,0,0,0,1,0,0,0,0,0,0,0,0,0,3,0,0,0,0,0,0,0,0,0,0,0,0,0,0,0,0,0,0,0,0
MAG-284,9,1,4,0,0,0,2,1,1,10,8,0,12,9,10,0,12,10,2,4,0,4,1,4,1,1,5,0,8,3,13,5,2,9,5,0,1,3,8,6,0,1,1,1,2,1,1,1,0,2,1,0,1,2,2,1,0,0,0,0,1,1,1,2,2,0,1,0,2,1,1,1,1,0,0,3,0,0,2,0
MAG-285,71,37,44,0,50,30,30,51,41,58,0,56,69,51,74,71,64,39,29,59,36,55,45,29,49,64,53,41,19,48,64,38,51,54,25,58,37,65,0,60,20,3,4,3,11,28,3,17,4,6,4,13,22,23,14,0,6,3,23,15,0,6,6,12,5,10,22,6,5,5,7,2,0,2,1,14,4,4,9,4
MAG-286,49,31,99,99,85,0,75,71,23,45,58,38,49,47,0,35,58,42,35,43,28,85,56,14,0,82,40,29,14,99,47,17,36,39,10,36,58,54,14,44,62,19,27,21,13,76,9,64,24,16,18,20,101,96,12,20,12,23,83,86,14,15,14,70,15,22,110,24,17,25,14,24,16,27,14,17,69,20,52,12
MAG-287,15,2,10,10,9,4,8,14,2,37,28,11,23,8,29,6,22,11,4,8,3,9,13,8,11,8,13,2,7,13,18,8,9,17,9,10,16,22,14,14,11,4,2,2,9,11,2,6,2,1,2,5,14,13,10,2,1,6,7,5,0,4,5,1,7,3,5,3,0,0,7,5,7,4,1,4,6,1,10,4
MAG-288,6,0,4,4,3,1,3,5,1,2,7,4,0,5,8,1,8,7,1,1,0,1,2,3,0,4,5,3,8,2,9,5,1,2,12,2,7,7,0,7,3,0,2,1,10,3,2,2,4,1,6,1,3,2,5,1,1,0,3,2,2,0,0,2,4,3,2,1,3,0,4,0,9,0,4,3,2,2,0,3
MAG-289,106,28,70,62,54,17,39,56,31,93,112,26,115,95,110,42,139,89,27,35,25,56,44,0,28,63,85,18,79,72,79,86,31,75,66,0,56,98,105,80,89,50,78,76,81,108,69,84,62,32,45,42,99,121,60,40,42,63,84,67,66,35,66,75,72,56,111,43,54,45,89,90,91,76,46,85,60,41,60,0
MAG-290,5,1,4,2,5,0,1,6,0,5,3,0,4,1,5,0,4,3,1,1,0,1,5,2,0,3,2,1,1,0,2,1,0,4,2,0,2,5,3,4,0,2,0,0,0,0,0,5,0,0,0,0,1,0,0,1,0,0,0,2,0,0,0,0,0,0,1,1,2,1,0,0,0,0,1,0,0,0,2,0
MAG-291,0,0,0,2,2,1,2,0,0,2,0,0,0,0,2,1,1,0,0,0,0,1,1,1,0,1,0,0,0,0,1,0,0,0,0,1,2,3,0,0,2,3,2,0,1,0,1,4,3,0,2,0,1,2,3,0,0,1,0,0,0,0,0,2,0,1,1,5,0,2,0,0,0,0,0,1,3,0,1,0
MAG-292,3,1,9,8,3,0,4,4,0,0,1,0,0,1,2,3,4,2,2,2,1,10,4,2,3,10,1,1,2,5,5,0,2,0,0,2,10,0,1,4,0,0,0,0,0,0,0,0,1,0,0,1,0,0,0,0,0,0,0,0,0,0,1,0,0,0,0,0,0,0,0,0,0,0,0,1,1,0,0,0
MAG-293,1,0,1,1,1,0,1,1,0,0,2,0,0,0,0,1,3,3,0,0,0,0,0,0,1,1,0,0,0,1,3,0,0,0,0,0,0,2,0,3,0,0,0,0,0,0,0,0,2,0,0,0,0,0,0,0,0,0,0,2,0,0,0,0,0,0,0,0,0,0,0,0,0,0,0,0,0,0,0,0
MAG-294,0,0,0,0,1,1,2,0,0,0,0,0,0,0,1,0,0,0,1,1,1,1,0,0,0,0,0,0,1,0,0,0,0,0,0,0,2,1,0,0,0,1,0,0,2,0,0,1,0,0,1,0,0,1,0,0,0,0,0,0,0,0,0,1,0,0,0,0,1,1,1,0,0,0,0,0,0,0,1,1
MAG-295,0,0,0,0,0,0,0,0,0,0,0,0,0,0,0,0,0,0,0,0,0,1,0,0,0,0,0,0,0,0,0,0,0,0,0,0,0,0,0,0,0,0,0,0,0,0,0,0,0,0,0,0,0,0,0,0,0,0,0,0,0,0,0,0,0,0,0,0,0,0,0,0,0,0,0,0,0,0,0,0
MAG-296,0,0,0,1,0,0,0,0,0,0,0,0,0,0,0,0,0,0,0,0,0,0,0,0,0,0,0,0,0,0,0,0,0,0,0,0,0,0,0,0,0,0,0,0,0,0,0,0,0,0,0,0,1,0,0,0,0,0,0,0,0,0,0,0,0,0,0,0,0,0,0,0,0,0,0,1,0,0,0,0
MAG-297,0,0,0,0,0,0,0,0,0,0,0,0,0,0,0,0,0,0,0,0,0,0,0,0,0,0,0,0,0,0,0,0,0,0,0,0,0,0,1,0,0,0,0,0,0,0,0,0,0,0,0,0,0,0,0,2,0,0,0,0,0,0,0,1,0,0,0,0,0,0,0,0,0,0,0,0,0,0,0,0
MAG-298,0,0,0,1,1,0,0,0,0,0,0,1,0,0,0,0,2,0,0,0,0,0,0,0,0,0,0,0,0,0,0,0,0,0,1,0,0,0,0,2,0,0,0,0,2,0,0,0,0,0,0,1,0,0,0,0,0,0,0,0,0,0,0,0,0,1,0,0,0,0,0,0,0,0,0,1,0,0,0,0
MAG-299,1,0,1,1,0,0,0,2,0,2,0,0,0,1,3,2,0,0,1,3,1,0,0,0,0,2,0,0,5,2,2,7,0,0,2,0,1,1,0,1,0,0,0,0,0,0,1,0,1,0,0,0,0,0,0,1,0,1,2,0,0,0,0,0,0,0,0,0,0,0,0,0,0,0,0,0,0,0,0,0
MAG-300,3,1,1,1,2,0,2,3,0,0,2,2,3,1,3,1,1,0,0,1,0,1,0,2,0,3,2,0,0,9,0,0,0,3,3,0,3,1,3,0,0,0,1,0,1,1,0,0,0,0,0,2,0,0,1,1,0,0,0,2,0,0,0,0,0,0,0,0,0,0,0,1,0,0,0,0,0,0,0,1
MAG-301,0,1,0,0,0,0,0,0,0,0,0,1,4,4,0,0,0,0,0,0,1,2,0,0,0,1,0,0,3,0,4,6,2,0,4,1,0,0,0,1,0,1,0,0,0,0,0,0,2,0,0,0,1,0,1,2,0,1,1,3,0,2,0,0,0,2,2,1,1,0,2,0,0,0,0,2,1,0,0,0
MAG-302,0,0,2,0,2,2,0,1,0,0,1,4,0,0,0,0,0,0,6,1,9,2,0,1,0,1,0,6,0,0,0,2,11,0,0,7,0,0,1,0,0,0,2,0,0,1,0,0,2,0,1,0,1,0,0,0,0,0,0,0,1,0,0,0,0,0,0,0,4,1,0,2,1,5,0,0,0,0,0,0
MAG-303,0,2,1,0,1,0,0,0,0,0,0,1,0,0,0,0,0,0,0,0,1,0,0,0,0,0,1,0,7,0,2,3,0,0,3,1,0,1,0,1,0,0,0,0,12,0,0,2,0,2,0,0,0,1,0,0,0,2,1,0,0,2,15,0,0,0,0,1,2,0,9,0,0,0,0,8,0,0,0,2
MAG-304,0,0,1,2,0,1,0,1,0,1,0,0,1,2,1,0,2,0,0,0,0,1,0,0,0,2,0,0,0,1,1,0,0,0,0,0,1,0,0,0,0,0,1,0,1,2,0,0,0,0,2,0,0,2,0,0,0,0,0,0,0,0,0,0,1,2,0,0,0,1,0,0,0,0,0,0,1,0,0,0
MAG-305,0,0,1,0,0,0,0,0,0,1,0,0,0,0,1,0,1,0,0,0,0,0,0,0,0,0,0,0,0,0,3,0,0,0,0,0,0,0,0,0,2,1,0,0,2,2,0,1,0,0,0,0,0,3,0,0,1,1,1,0,2,3,0,6,0,0,1,2,2,1,0,2,0,1,1,0,1,0,3,3
MAG-306,0,0,0,0,1,1,1,1,0,6,7,0,6,9,4,0,0,5,0,0,0,0,3,1,0,0,4,0,0,1,6,7,0,2,0,0,0,5,0,3,1,0,0,0,0,0,0,0,0,1,2,1,0,0,0,0,1,0,0,1,0,0,4,0,0,1,0,0,0,0,0,0,0,0,0,0,0,0,0,0
MAG-307,0,3,0,0,0,0,0,0,0,0,0,0,0,0,0,1,1,0,0,0,0,0,0,0,0,0,2,0,0,0,0,0,1,0,1,0,0,0,0,0,0,0,0,0,0,0,0,0,0,0,0,0,0,0,0,0,0,0,1,1,0,0,0,0,0,0,0,0,0,0,0,0,0,0,0,0,0,0,0,0
MAG-308,0,0,0,0,1,0,0,0,1,0,0,0,2,0,0,1,2,0,0,0,0,0,1,4,2,2,0,1,9,2,1,9,0,0,4,0,0,0,6,0,0,0,0,0,2,0,0,0,1,2,0,0,1,1,0,0,0,1,0,0,1,2,1,0,1,0,0,0,1,0,3,0,2,0,0,1,0,0,0,1
MAG-309,0,0,2,0,0,0,0,0,0,0,0,0,0,0,0,0,0,0,0,0,0,0,0,0,0,0,0,0,0,0,0,0,0,0,0,0,0,0,0,0,0,0,0,0,0,0,0,0,0,0,0,2,0,0,0,0,0,0,0,0,0,0,0,2,0,0,0,0,1,0,0,0,0,0,0,0,0,0,0,0
MAG-310,1,1,0,1,1,0,3,0,2,2,0,1,6,1,0,2,0,0,1,2,0,1,1,2,0,1,1,0,0,0,2,0,2,0,1,1,1,1,0,1,1,0,0,0,0,0,0,0,0,0,0,0,0,0,0,0,0,0,0,0,0,0,0,0,0,0,0,0,0,0,0,0,0,0,0,0,0,0,0,0
MAG-311,0,0,2,0,0,1,1,2,1,7,11,1,12,8,10,0,11,9,0,1,1,2,6,238,0,2,10,0,228,2,13,290,2,4,355,0,2,11,356,6,1,21,3,4,307,2,0,5,2,12,23,16,1,2,300,26,14,17,2,1,1,9,321,2,314,17,4,31,2,0,326,2,227,2,0,0,3,20,2,3
MAG-312,2,0,0,0,1,1,1,2,1,0,3,0,3,0,0,0,1,0,0,1,0,1,1,1,1,1,1,1,0,1,2,1,1,0,1,1,0,1,2,1,4,1,3,2,0,6,3,13,0,2,2,0,8,9,0,1,0,1,9,12,1,1,0,21,0,0,9,0,0,0,0,3,1,5,0,0,10,1,9,4
MAG-313,20,2,0,13,9,0,10,7,4,25,15,5,27,25,30,12,25,26,4,9,7,5,6,12,6,10,25,4,13,12,23,11,8,23,20,12,10,30,10,22,7,54,5,2,0,8,4,12,4,35,0,32,14,0,8,35,0,55,17,23,2,38,8,9,5,36,16,41,6,43,7,3,4,3,5,6,5,0,10,3
MAG-314,3,1,2,3,3,2,2,3,1,6,6,1,6,6,8,0,10,5,0,1,0,1,7,7,1,1,5,0,10,0,8,11,3,3,8,2,2,7,16,0,6,0,2,1,3,1,0,8,1,1,2,2,10,8,4,2,1,3,7,5,1,2,1,6,2,0,10,0,0,1,5,0,3,0,0,2,7,3,0,0
MAG-315,17,4,4,6,5,4,3,7,1,19,11,3,13,14,17,3,13,10,0,4,3,2,8,5,3,0,5,1,4,1,13,5,2,13,6,7,5,9,1,6,2,53,2,1,4,2,1,6,0,47,20,47,1,3,2,34,23,60,0,1,1,28,4,2,3,35,1,47,0,36,2,0,4,2,0,1,3,38,2,1
MAG-316,31,0,6,3,1,1,2,5,1,31,37,1,0,15,25,1,23,14,1,0,1,5,4,0,1,1,19,2,1,6,22,0,1,0,1,0,2,16,3,15,1,3,1,0,0,3,0,0,2,1,4,2,1,0,0,1,2,5,2,2,0,2,2,0,0,4,2,7,0,2,1,0,2,2,1,0,2,5,0,2
MAG-317,2,0,0,0,1,0,1,0,0,2,1,0,0,1,3,0,0,3,0,1,0,1,0,1,0,1,0,1,0,0,0,0,0,0,0,0,0,1,0,0,15,2,1,1,0,0,0,28,1,0,0,0,23,21,0,0,0,0,18,39,1,0,0,24,1,0,13,2,1,0,0,1,0,1,1,0,21,1,15,1
MAG-318,1,0,0,1,1,0,0,1,0,0,0,0,2,2,4,2,0,1,1,0,0,1,0,1,0,1,3,0,0,2,0,3,0,0,0,0,0,1,0,3,0,0,2,1,1,1,0,0,0,0,0,0,0,0,0,0,0,0,0,1,1,0,0,0,0,1,2,0,0,1,0,1,2,0,0,2,1,0,2,0
MAG-319,0,0,1,0,0,0,1,0,0,3,1,0,0,2,3,1,4,0,1,0,1,0,1,0,1,0,3,1,1,1,2,1,3,1,0,1,0,3,0,1,37,38,13,18,0,67,8,43,20,40,37,37,58,58,0,44,34,56,58,48,13,35,1,54,1,0,44,39,22,35,0,18,2,18,8,0,54,33,72,24
MAG-320,0,0,0,0,0,0,0,0,0,0,0,0,0,0,0,0,0,0,0,0,0,0,0,0,0,0,0,0,0,0,0,0,0,0,0,0,0,0,0,0,0,0,0,0,0,0,0,0,0,0,0,0,0,0,0,0,0,0,0,0,0,0,0,0,0,0,0,0,0,0,0,0,0,0,0,0,0,0,0,0
MAG-321,3,0,1,2,0,2,1,0,0,6,5,0,4,5,2,1,5,1,0,0,1,1,1,2,0,1,1,0,2,0,5,2,1,3,3,0,0,0,4,3,0,0,0,0,0,0,1,1,1,1,1,2,0,0,1,0,1,0,0,0,1,0,1,1,1,1,0,1,0,0,2,1,1,1,0,1,3,0,0,0
MAG-322,0,0,0,0,0,1,0,0,0,0,0,0,0,0,0,0,0,0,0,0,0,0,0,0,0,0,0,0,0,0,0,0,0,0,0,0,0,0,0,1,0,0,0,0,0,0,0,0,0,0,0,0,0,0,0,0,0,0,0,0,0,0,0,0,0,0,0,0,0,0,0,0,0,0,0,0,0,0,0,0
MAG-323,0,1,0,0,0,0,0,0,0,0,0,1,0,0,1,0,0,0,2,0,0,0,0,0,0,0,0,0,2,0,0,0,0,2,0,0,0,0,2,0,0,0,0,1,2,0,0,0,0,0,0,2,1,1,0,1,0,1,0,1,0,0,0,1,0,0,0,0,0,2,0,0,1,0,0,1,0,0,0,3
MAG-324,0,1,8,8,6,3,7,10,4,61,80,1,66,65,68,5,60,58,5,5,1,8,8,12,1,11,34,1,25,7,67,27,3,56,14,3,8,0,25,45,4,16,1,1,12,0,0,3,0,17,21,11,5,3,12,7,7,9,2,2,1,12,16,0,10,15,1,14,0,9,12,1,12,1,0,14,3,13,0,1
MAG-325,3,0,1,0,1,0,0,0,0,2,4,1,0,0,2,2,0,0,3,2,0,1,0,0,0,0,1,0,1,1,0,1,1,0,0,0,0,0,0,1,0,0,0,0,0,0,0,0,0,0,0,0,0,0,0,0,2,1,0,0,0,0,0,0,0,0,0,0,1,0,0,0,0,0,0,0,0,0,0,0
MAG-326,4,3,3,9,4,1,4,6,2,4,4,1,0,2,4,1,6,3,3,4,3,6,2,1,2,7,6,1,2,3,2,4,3,0,1,2,5,3,2,4,3,0,2,0,0,1,1,2,1,0,0,0,1,0,0,0,1,0,0,2,1,0,0,2,1,0,1,1,0,1,0,2,1,1,0,0,0,0,0,0
MAG-327,5,1,1,1,1,0,1,0,0,3,5,1,1,1,2,0,6,6,0,0,1,2,1,9,3,1,2,0,9,2,2,6,0,1,7,0,0,4,8,3,0,1,2,0,2,1,0,1,0,0,1,0,0,1,0,0,0,0,0,1,1,0,2,0,2,2,1,0,0,1,4,0,0,1,0,5,1,1,0,1
MAG-328,0,0,0,0,0,0,0,0,0,0,0,0,0,0,0,0,0,0,0,0,0,0,0,0,0,0,0,0,0,2,0,0,0,0,0,0,0,0,0,0,2,0,0,0,0,3,0,2,2,0,0,1,1,2,0,1,0,0,0,1,0,2,1,3,1,1,0,0,0,0,1,0,0,0,1,0,4,0,7,0
MAG-329,0,0,0,1,0,1,1,4,1,2,0,1,0,2,0,1,0,1,2,0,1,1,0,1,1,1,1,2,1,0,0,2,2,0,0,0,1,1,2,1,0,0,0,0,0,0,1,0,1,0,0,0,0,1,1,0,0,0,0,0,0,0,0,2,0,0,0,0,0,0,0,0,0,0,0,0,0,0,0,0
MAG-330,2,9,9,10,5,3,11,4,5,0,1,9,0,1,2,7,1,1,14,16,9,4,4,0,8,6,2,8,0,5,0,0,9,0,0,13,4,0,0,0,15,1,8,6,0,16,7,28,7,0,1,2,0,19,1,1,0,0,16,0,7,3,0,17,0,0,15,1,7,0,0,7,0,3,4,0,25,0,22,10
MAG-331,2,0,1,2,2,0,0,0,0,7,7,0,4,5,6,1,5,5,1,1,0,0,1,2,0,2,1,1,1,1,8,1,1,5,1,1,3,3,2,0,11,18,5,5,2,9,1,11,2,4,10,7,7,15,3,11,4,10,7,11,0,8,1,5,2,14,8,11,3,8,1,4,0,3,0,5,14,7,11,1
MAG-332,1,0,0,0,0,1,0,0,0,0,0,0,4,0,0,0,0,0,0,0,0,0,1,1,0,2,0,0,0,2,1,2,1,1,0,1,2,0,3,0,0,0,0,1,1,2,0,0,0,0,0,0,0,0,0,1,0,1,0,0,0,0,0,1,2,0,2,2,0,0,2,0,1,0,0,0,0,3,0,2
MAG-333,0,7,19,11,11,4,8,8,0,0,1,6,2,0,0,9,1,1,8,6,4,6,7,1,8,9,0,3,0,13,1,0,5,1,0,4,4,0,1,1,0,0,0,1,1,0,3,0,0,0,1,0,0,0,0,0,1,2,0,0,2,1,0,0,1,1,1,0,1,1,0,1,0,2,0,1,0,1,1,0
MAG-334,0,0,0,0,0,0,0,0,0,0,0,0,0,1,0,0,0,0,0,0,0,0,0,0,0,0,0,0,0,0,4,0,0,0,0,0,0,0,0,0,0,0,0,0,0,0,0,0,0,0,0,0,0,1,0,0,0,0,0,2,0,0,2,0,0,0,0,0,0,0,0,0,0,0,0,0,0,0,0,0
MAG-335,7,1,2,0,1,0,0,1,0,7,4,1,4,2,7,1,3,4,0,0,1,0,3,6,0,1,5,0,1,2,3,4,1,4,9,1,0,5,9,4,1,2,1,1,10,0,1,2,1,0,2,1,4,1,3,0,0,1,3,3,1,0,7,3,1,0,2,0,0,0,5,1,6,3,2,0,5,0,5,2
MAG-336,0,0,0,0,0,0,0,0,0,0,0,0,0,0,0,0,0,0,0,0,0,0,0,0,0,0,0,0,0,0,0,0,0,0,0,0,0,0,0,0,0,0,0,0,0,0,0,0,0,0,0,0,0,0,0,0,0,0,0,0,0,0,0,0,0,0,0,0,0,0,0,0,0,0,0,0,0,0,0,0
MAG-337,3,0,0,0,0,0,0,1,0,2,4,0,6,6,4,1,6,3,1,1,1,3,1,2,0,0,4,1,0,1,3,1,1,0,0,0,0,4,1,3,1,0,0,0,0,2,0,1,0,0,3,0,1,0,2,0,1,0,0,1,0,0,2,2,0,0,3,1,0,0,3,0,0,0,0,3,1,0,1,1
MAG-338,0,0,0,1,0,0,0,0,0,0,0,0,0,0,0,0,0,1,0,0,0,1,0,0,1,0,0,0,0,1,0,1,0,0,0,0,0,0,0,0,0,0,0,0,0,0,0,0,0,0,0,0,0,0,0,0,0,0,0,0,0,0,0,0,0,0,0,0,0,0,0,0,0,0,0,0,0,0,0,0
MAG-339,0,6,2,0,0,4,0,0,0,1,1,8,0,0,0,3,0,0,3,8,3,4,3,0,2,0,0,2,1,1,1,0,0,1,0,3,0,0,0,0,0,0,0,0,0,0,0,0,0,0,0,0,0,0,0,0,0,0,0,0,0,0,2,0,0,3,0,0,0,0,0,0,0,0,0,0,0,0,0,0
MAG-340,0,1,1,0,0,1,0,0,0,0,1,0,0,0,1,1,0,1,1,0,0,0,0,0,0,1,0,0,0,0,0,2,0,0,0,0,1,0,1,1,2,0,92,159,0,2,59,2,118,1,3,1,1,1,0,0,2,0,1,1,149,3,0,0,0,0,2,1,131,0,0,0,1,189,103,0,0,0,0,96
MAG-341,1,0,3,5,3,2,5,6,1,1,6,0,4,4,1,2,4,2,0,0,2,4,8,16,0,5,5,1,13,11,4,13,0,1,12,0,6,3,15,2,90,2,0,0,19,93,0,138,0,0,2,1,110,133,21,0,1,0,59,176,0,0,26,94,17,1,113,0,0,4,8,0,20,1,0,11,145,3,108,0
MAG-342,0,9,0,1,0,16,1,1,31,1,0,28,1,1,2,37,0,0,47,44,21,2,1,1,28,2,0,16,0,0,1,3,32,0,0,41,0,2,0,1,1,0,2,0,1,0,0,2,0,0,0,0,2,1,0,0,0,0,1,0,0,0,0,0,0,2,0,1,0,0,0,0,0,0,1,2,0,1,0,1
MAG-343,1,0,0,2,0,0,0,0,0,1,4,1,0,0,0,5,0,0,2,2,1,0,0,0,2,2,0,1,4,0,1,2,3,0,3,2,2,1,4,2,0,10,1,1,4,0,0,1,0,10,7,4,4,0,3,10,4,7,0,6,0,3,2,2,2,7,1,8,0,5,0,1,1,2,0,0,1,7,0,0
MAG-344,20,60,24,31,26,45,19,27,65,17,24,85,19,0,27,109,24,21,48,102,48,15,13,22,87,22,10,49,14,20,22,24,78,25,22,72,17,20,22,26,57,43,50,26,14,50,39,108,32,46,38,23,76,62,12,46,29,0,47,119,0,47,14,129,13,35,73,34,0,33,12,31,19,37,25,15,78,30,86,47
MAG-345,1,13,0,0,0,14,1,0,13,1,1,17,0,0,0,0,0,0,14,24,11,2,0,0,7,2,0,6,0,0,0,2,16,0,1,11,0,0,0,0,2,1,1,1,1,1,2,1,0,1,1,3,1,1,1,2,0,0,1,1,1,0,0,0,0,0,1,0,2,0,0,1,0,0,0,0,1,1,0,0
MAG-346,1,29,9,0,3,26,4,2,21,0,0,41,2,3,3,46,0,1,0,44,25,5,6,1,53,0,2,17,0,11,2,1,48,0,1,41,3,2,0,0,25,8,18,23,1,29,13,53,12,1,4,2,0,20,0,5,1,10,0,57,0,0,0,41,0,5,19,3,19,2,0,14,0,26,21,0,43,7,37,24
MAG-347,3,0,3,2,3,5,1,4,2,7,4,6,3,0,4,3,6,13,6,3,2,4,6,9,10,1,4,5,11,7,5,12,6,11,13,2,2,8,17,4,4,55,9,6,20,11,3,16,8,67,67,44,9,9,12,76,54,97,3,18,8,59,0,14,0,107,0,76,15,67,13,10,18,12,3,13,9,62,11,17
MAG-348,3,39,8,8,20,28,7,3,40,12,5,54,10,4,7,61,6,9,43,61,49,16,8,10,44,12,0,36,12,19,8,19,61,19,15,35,8,7,9,6,0,3,0,2,8,0,2,1,1,5,1,3,0,0,15,5,2,4,2,1,2,0,12,0,0,3,1,4,0,1,6,0,9,3,0,11,0,3,1,3
MAG-349,0,61,7,4,3,60,2,6,71,2,5,82,1,4,5,83,2,2,64,80,92,5,2,2,85,4,4,44,7,0,2,5,90,3,0,56,8,4,3,0,0,3,0,1,2,0,1,0,2,1,2,1,0,0,3,1,0,2,3,1,0,0,3,0,1,0,1,0,1,2,2,0,3,0,1,3,0,0,1,0
MAG-350,9,56,15,12,9,30,12,15,42,11,9,55,10,15,10,60,12,10,51,58,53,12,8,22,69,14,0,44,30,10,4,33,74,13,26,54,8,8,47,10,8,16,4,0,0,7,0,10,6,15,17,15,11,8,31,19,6,22,4,5,0,12,26,9,25,16,6,17,2,15,24,0,40,1,1,25,9,20,11,3
MAG-351,30,3,20,17,18,6,14,19,8,0,34,10,0,30,0,8,37,27,0,6,7,16,19,9,4,23,32,6,10,9,31,8,8,25,18,13,20,26,14,26,18,52,0,0,20,20,1,32,3,37,41,30,20,23,0,29,30,42,11,18,0,39,15,38,25,0,23,45,2,0,19,0,29,0,1,22,28,55,31,2
MAG-352,1,33,2,1,3,0,4,3,0,2,2,97,1,0,0,99,2,1,81,79,53,3,1,1,60,7,0,71,1,5,0,0,57,1,0,56,4,0,2,1,1,1,5,2,0,0,1,0,1,0,0,0,0,0,2,1,2,2,0,1,0,0,0,0,0,1,3,2,1,1,0,0,0,1,0,0,1,0,0,0
MAG-353,0,0,0,0,0,0,0,0,0,0,0,0,0,0,0,0,0,0,0,0,0,0,0,0,0,0,1,0,0,0,0,0,0,0,0,0,0,2,0,0,0,2,0,0,0,0,0,0,0,0,0,0,0,0,0,0,0,0,0,0,0,0,0,0,0,0,0,0,0,0,0,0,0,0,0,0,0,0,0,0
MAG-354,3,0,0,0,0,0,1,1,1,4,3,0,3,4,2,2,4,2,0,0,0,0,0,2,0,0,1,0,4,1,2,6,1,4,2,1,0,1,2,5,1,2,0,0,3,1,1,0,2,1,2,0,2,0,0,3,2,1,2,0,0,0,0,0,2,0,1,2,0,1,3,0,1,0,0,1,2,0,4,0
MAG-355,2,0,0,1,0,0,0,0,0,1,0,0,0,0,0,0,0,0,0,1,1,0,0,0,0,0,1,0,0,2,0,5,0,0,0,0,0,0,0,1,0,0,0,0,0,0,0,0,0,0,0,0,0,0,0,0,0,0,0,0,0,0,0,0,0,0,0,0,0,0,0,0,0,0,0,6,1,0,0,0
MAG-356,5,0,1,0,1,1,0,0,3,0,0,0,2,2,5,1,6,1,0,0,1,0,3,2,0,0,2,0,4,0,7,4,1,4,2,0,2,2,4,6,0,12,2,1,1,0,0,1,0,5,8,8,2,0,0,9,7,3,0,1,1,4,1,2,0,8,2,4,0,8,0,0,0,0,0,0,1,4,2,0
MAG-357,0,0,0,0,0,0,0,0,0,0,0,1,0,1,1,0,2,1,0,0,0,0,0,0,1,0,0,0,0,0,1,0,0,3,0,0,0,1,3,0,0,1,0,1,0,0,0,0,0,0,0,0,1,2,0,3,0,1,0,2,0,1,0,0,0,0,0,0,0,0,0,0,1,0,0,1,0,1,0,0
MAG-358,0,0,0,8,0,1,7,5,0,10,0,0,0,7,0,1,0,10,0,1,0,3,0,6,0,4,7,0,0,0,13,0,0,4,6,0,1,0,0,0,11,0,0,1,11,6,2,9,1,0,5,0,5,6,8,2,3,6,0,0,0,1,16,0,8,3,0,0,0,4,0,0,4,0,1,0,0,0,15,0
MAG-359,4,0,0,2,0,0,0,0,0,0,0,0,3,3,0,0,3,0,0,0,0,0,0,2,1,0,2,1,3,0,0,3,0,4,0,0,0,0,0,6,0,2,0,2,0,1,0,0,1,4,1,0,0,2,0,1,0,1,0,0,0,1,1,0,0,3,1,0,1,0,1,0,0,0,0,0,0,0,2,0
MAG-360,0,0,0,0,0,0,0,0,1,0,4,0,3,0,0,1,4,2,2,0,0,0,0,2,0,1,0,2,0,2,5,0,1,3,2,0,0,8,0,0,2,0,0,0,0,0,0,3,0,1,0,0,2,1,1,4,1,0,0,1,0,3,0,0,0,0,0,0,1,0,0,1,1,0,3,0,1,1,1,1
MAG-361,0,0,1,1,0,0,0,1,0,0,0,0,0,0,0,0,0,3,0,0,0,0,0,12,2,0,0,0,0,0,0,14,1,6,12,0,0,0,16,3,1,15,1,1,0,1,0,0,3,0,10,0,2,0,5,10,0,0,0,3,0,8,10,1,0,9,0,12,0,0,0,0,12,0,0,7,1,6,0,0
MAG-362,4,0,2,2,0,0,1,2,0,0,4,0,0,2,0,0,4,0,0,0,0,0,0,0,0,1,2,1,0,6,0,1,1,0,0,0,2,0,1,5,1,0,0,0,1,0,0,0,1,0,2,0,0,0,0,0,3,0,0,1,1,0,0,0,0,1,1,0,0,1,0,0,0,0,0,0,0,1,1,1
MAG-363,2,1,1,1,0,2,2,1,0,8,6,0,2,2,6,1,6,2,0,0,1,1,1,4,0,5,2,1,0,2,3,1,1,4,1,0,5,6,2,8,1,2,0,0,2,0,0,1,1,1,0,0,0,1,0,2,1,3,2,1,0,0,0,0,2,0,0,3,1,0,0,1,0,0,0,0,1,0,2,0
MAG-364,0,0,6,0,0,0,4,6,0,0,0,0,0,0,12,0,0,19,0,0,2,0,4,0,0,15,7,0,4,12,16,0,0,17,4,0,0,0,0,13,0,7,0,0,0,0,0,2,1,7,7,0,0,0,0,8,0,7,2,0,0,0,0,0,0,0,0,0,0,13,1,0,2,0,0,0,0,0,1,0
MAG-365,0,0,0,0,0,0,0,0,0,0,0,0,1,0,2,0,3,0,0,0,0,0,0,3,2,0,0,0,0,2,1,1,0,0,0,1,1,0,0,0,0,0,0,0,0,0,1,1,0,0,0,0,0,0,1,1,0,0,0,0,1,0,0,1,0,0,1,0,0,0,2,0,0,0,0,0,0,0,0,0
MAG-366,1,0,0,0,0,0,0,0,0,0,0,0,0,0,0,0,0,0,0,0,0,0,0,0,0,0,0,0,0,0,0,0,0,0,0,0,0,0,0,0,0,0,0,0,1,1,0,1,0,1,0,0,1,2,0,0,0,0,0,0,0,1,0,0,0,1,0,0,0,0,0,1,0,0,0,0,0,1,0,0
MAG-367,7,0,6,3,5,2,5,3,1,8,7,0,6,5,4,1,2,3,0,2,0,2,3,3,2,0,5,0,1,1,3,3,1,1,0,1,0,8,4,2,26,2,0,1,5,28,1,0,2,0,2,0,28,55,1,3,2,1,39,84,0,0,2,73,3,4,24,2,0,2,0,0,4,1,0,5,42,3,61,0
MAG-368,7,1,13,5,7,1,6,12,0,5,10,0,7,7,9,1,0,8,1,1,0,4,6,3,0,9,8,0,4,5,9,5,0,10,1,2,6,7,0,10,6,1,1,0,14,4,0,3,0,2,1,1,3,4,13,0,0,0,2,6,0,0,14,7,14,2,5,3,1,1,11,0,34,1,0,19,3,1,6,0
MAG-369,0,0,0,1,0,0,0,0,0,1,2,1,1,0,2,0,2,1,0,0,0,0,0,0,1,0,0,0,0,0,1,0,2,1,0,0,1,1,1,0,2,0,0,1,0,0,0,0,0,1,1,0,0,0,0,0,1,1,0,0,0,0,2,0,0,1,0,0,0,1,2,0,0,0,0,1,0,0,0,1
MAG-370,1,0,1,1,0,0,1,0,0,0,1,0,1,0,1,3,0,0,2,1,0,0,0,0,1,0,0,0,0,1,1,0,0,0,0,1,0,0,4,0,0,0,0,0,0,0,0,0,0,0,0,0,1,0,0,2,0,0,1,0,1,2,2,0,0,1,0,1,0,1,0,0,0,0,1,1,0,0,0,0
MAG-371,5,0,0,0,0,0,0,0,0,0,4,0,0,0,5,1,2,0,0,0,0,0,0,5,0,2,9,0,0,0,0,10,1,0,4,0,0,0,0,4,0,0,0,1,0,0,0,0,0,0,0,0,0,0,4,0,0,6,0,1,0,0,0,0,0,0,0,4,0,0,0,0,0,0,0,2,0,6,0,0
MAG-372,0,0,2,0,0,0,0,0,1,1,2,0,0,1,0,0,0,0,1,1,0,0,0,5,0,0,0,0,4,0,0,10,1,1,3,0,0,0,5,0,1,0,0,0,0,0,1,2,0,0,0,0,0,0,6,0,1,0,0,1,0,0,13,0,0,0,0,0,0,0,0,1,0,1,1,13,0,0,0,1
MAG-373,0,0,2,0,1,0,1,0,0,1,0,0,1,0,0,1,1,0,0,1,0,0,0,0,0,0,0,0,0,0,0,0,0,2,0,1,0,1,0,1,0,0,71,106,2,0,0,0,108,0,0,0,1,1,0,2,0,2,0,0,70,0,1,0,0,0,1,0,83,1,1,60,1,136,108,0,1,0,0,144
MAG-374,0,0,1,0,0,0,1,3,1,0,0,0,0,1,0,1,0,0,0,0,1,1,0,0,0,1,0,0,0,2,0,2,2,1,0,0,0,0,1,0,0,1,98,62,3,1,60,1,96,1,1,1,3,0,1,1,0,0,2,0,58,0,1,0,0,0,0,2,33,1,0,78,0,0,29,1,1,0,2,103
MAG-375,4,4,14,11,9,0,10,9,4,3,11,1,3,8,5,5,2,5,2,3,4,14,7,1,1,11,3,2,1,11,5,1,1,8,1,1,11,3,3,2,1,0,5,3,0,0,0,2,0,3,0,3,1,1,0,2,1,1,0,0,3,0,0,0,0,0,0,1,4,0,0,0,0,6,0,0,1,0,0,0
MAG-376,0,0,0,0,0,0,0,0,0,2,0,3,1,1,0,0,0,0,0,0,3,0,0,0,1,0,0,0,0,0,2,0,2,0,0,1,1,0,1,0,0,0,0,0,0,1,0,0,0,0,0,0,0,0,0,0,0,0,0,0,3,1,0,0,0,1,0,0,0,1,0,0,0,5,0,0,0,0,0,0
MAG-377,6,1,0,2,2,0,0,1,3,4,1,2,1,0,1,3,2,0,1,2,0,1,1,0,6,2,1,0,3,1,3,3,1,0,1,1,2,1,3,3,0,0,0,0,0,0,0,0,0,0,0,0,0,0,0,0,0,0,0,0,0,0,0,0,0,0,0,0,0,0,0,0,0,0,0,0,0,0,0,0
MAG-378,0,0,1,1,0,0,0,0,0,1,1,1,2,1,1,0,0,1,0,0,0,2,1,0,2,0,1,0,0,1,0,0,1,1,0,0,1,0,0,0,0,0,0,1,1,0,0,3,0,1,0,1,0,0,0,0,0,0,0,2,1,0,0,0,0,0,0,1,1,0,0,0,0,0,0,2,1,1,2,0
MAG-379,7,1,5,3,3,1,2,0,7,6,4,4,6,4,5,4,6,3,6,2,1,2,0,6,4,5,5,1,7,7,2,4,3,3,11,6,1,2,13,8,0,2,0,0,2,0,1,2,1,1,0,1,0,1,2,0,0,1,1,1,0,1,0,2,2,2,3,1,0,1,1,1,3,0,0,3,1,0,1,1
MAG-380,0,0,0,0,0,0,1,0,0,0,0,0,0,0,0,0,0,0,0,0,0,0,0,0,0,0,0,0,0,0,0,0,0,0,0,0,0,0,0,1,0,0,0,1,0,0,0,0,0,0,0,0,0,0,0,0,0,0,0,0,0,0,0,0,0,0,0,0,0,0,0,0,0,0,0,0,0,0,0,0
MAG-381,20,0,39,39,23,3,28,26,0,33,32,4,33,21,30,7,27,23,9,0,7,33,25,6,2,34,12,6,0,41,22,17,5,20,9,7,0,12,12,19,5,14,1,0,4,14,1,10,1,8,0,10,20,15,7,3,11,10,10,17,1,7,4,12,6,12,12,5,0,10,7,2,6,1,2,8,12,7,7,0
MAG-382,3,0,5,8,6,0,4,4,1,2,4,2,2,3,0,2,2,1,2,3,1,0,5,7,0,4,1,1,9,5,5,4,1,2,13,2,5,0,9,3,8,3,3,3,10,5,3,0,1,2,2,2,7,11,7,0,0,0,10,0,4,1,4,7,3,6,7,3,5,1,6,2,12,8,3,4,5,0,8,3
MAG-383,0,0,0,1,0,0,1,2,0,1,3,0,0,1,3,1,1,0,0,1,0,1,0,0,0,2,1,1,1,0,1,1,0,2,0,0,1,0,0,0,0,1,0,1,1,0,0,2,0,1,0,1,0,1,2,0,0,1,2,0,1,0,0,0,0,0,0,0,0,0,0,0,0,1,0,0,1,0,0,0
MAG-384,3,2,6,2,5,1,0,1,0,1,4,2,0,2,5,2,4,5,2,2,2,2,3,3,3,2,1,4,0,4,2,1,5,6,3,2,3,2,7,3,1,0,2,1,2,2,1,2,0,0,1,1,0,0,2,1,2,1,1,0,0,0,1,2,2,2,0,2,0,2,5,1,6,3,2,3,2,0,0,1
MAG-385,1,0,13,13,11,1,11,14,2,1,4,1,2,4,1,4,0,0,2,2,0,11,5,0,2,14,1,1,0,13,1,0,1,1,0,0,15,2,0,2,2,3,3,5,0,8,0,0,0,2,0,0,8,9,1,0,2,1,3,3,2,1,1,3,1,2,2,0,3,1,1,1,0,4,0,1,5,0,5,1
MAG-386,0,0,0,2,0,0,0,1,0,0,0,0,1,1,0,4,3,0,0,0,0,0,1,1,2,1,0,0,0,0,0,0,1,0,0,0,1,0,0,0,0,0,5,12,0,1,0,1,12,0,0,2,1,0,0,0,0,0,1,0,9,1,0,0,1,0,0,0,12,0,1,0,0,4,3,2,0,0,0,0
MAG-387,2,2,6,7,1,1,3,8,2,0,0,4,4,3,4,4,1,0,3,3,5,8,4,1,1,6,0,4,1,3,2,3,10,4,3,2,7,2,0,4,0,1,0,0,0,0,0,0,1,0,1,0,0,0,1,1,0,2,1,0,0,0,1,0,0,0,0,0,0,0,0,0,1,1,0,1,1,0,0,0
MAG-388,50,113,0,0,156,77,170,234,101,61,66,136,57,49,0,127,54,44,121,166,106,199,166,18,147,0,46,0,23,206,62,32,141,43,23,135,203,57,20,51,22,4,5,1,9,23,2,18,2,4,2,5,20,27,8,2,5,5,22,19,3,5,6,12,6,4,16,3,4,2,9,2,11,1,5,8,13,2,21,1
MAG-389,0,1,1,3,0,0,2,3,1,3,2,0,1,1,0,1,0,1,1,1,2,3,2,3,0,1,1,0,1,0,6,0,0,0,1,0,4,1,0,2,1,1,0,0,0,1,0,3,1,1,2,0,2,4,0,3,1,2,1,3,0,2,1,1,0,2,1,2,1,0,0,1,1,0,1,0,3,0,3,0
MAG-390,0,0,0,0,0,0,0,0,0,0,1,0,0,0,0,0,2,0,0,0,0,0,0,1,0,0,0,0,0,1,0,2,0,0,1,0,1,2,1,0,0,0,74,73,0,0,52,0,85,1,1,0,0,0,0,0,0,1,1,2,47,1,1,0,0,1,3,0,0,0,0,68,0,128,28,1,0,0,0,103
MAG-391,0,0,0,0,0,0,0,0,0,0,0,0,0,0,0,0,0,0,0,0,0,0,0,0,0,0,0,0,0,0,0,0,0,0,0,0,0,0,0,2,0,0,0,12,0,0,0,0,3,0,4,1,0,0,0,0,0,0,0,0,0,1,0,0,1,0,0,3,5,2,0,0,0,0,0,0,0,0,0,9
MAG-392,0,1,1,1,0,0,0,1,0,1,0,0,1,0,1,1,1,1,0,1,0,1,0,0,0,0,0,0,0,1,0,1,0,2,1,0,1,0,1,1,0,0,1,2,0,1,0,0,0,0,1,0,0,0,3,0,1,2,1,0,0,0,1,1,1,1,0,1,1,0,0,0,0,0,0,0,0,1,1,0
MAG-393,0,0,0,0,0,0,0,0,0,0,0,0,0,0,0,0,0,0,0,0,0,0,0,0,0,0,0,0,0,0,0,0,0,0,0,0,0,0,0,0,0,0,0,0,0,0,0,0,0,0,0,0,0,0,0,0,0,0,0,0,0,0,0,0,0,0,0,0,0,0,0,0,0,0,0,0,0,0,0,0
MAG-394,0,1,0,0,0,0,0,0,0,0,0,0,0,0,0,0,0,0,0,1,0,1,0,1,0,0,0,0,0,0,0,0,0,1,0,0,0,0,1,0,0,0,0,0,0,0,0,0,0,1,0,0,0,0,0,0,0,0,0,0,0,0,0,0,0,0,0,0,0,0,0,0,0,0,0,0,0,0,0,0
MAG-395,3,0,0,0,0,1,1,0,0,0,0,0,1,0,0,0,0,0,0,1,1,0,0,0,0,0,0,0,0,0,0,0,0,0,0,0,0,0,2,0,0,0,0,0,0,0,0,0,0,0,0,0,0,1,0,0,0,0,0,0,0,0,0,0,0,0,0,0,0,0,0,0,1,0,0,0,0,0,0,0
MAG-396,1,0,0,0,1,1,0,0,1,0,0,3,0,0,0,1,0,0,1,0,0,0,0,0,0,0,0,0,0,0,0,1,0,1,2,0,0,0,1,1,0,0,0,0,0,1,2,0,0,0,0,0,0,1,2,1,0,0,0,0,0,1,1,0,2,0,0,1,0,0,0,1,4,0,0,4,0,0,1,1
MAG-397,1,1,0,1,1,1,1,0,0,2,0,0,1,2,1,1,1,1,0,0,1,2,0,0,0,0,0,0,0,0,0,1,0,1,1,0,0,0,0,0,2,1,2,3,2,3,2,12,0,1,1,0,5,8,0,1,2,3,8,11,0,1,1,5,0,1,8,0,0,0,1,0,0,0,2,0,6,1,7,2
MAG-398,2,1,0,1,1,1,0,3,0,1,1,5,3,0,0,1,0,1,1,0,0,0,1,3,1,1,0,1,8,0,0,4,2,0,3,0,2,0,6,1,0,4,1,0,0,0,0,0,0,2,0,3,2,0,0,2,0,5,0,1,0,1,9,2,3,4,0,5,0,3,6,1,7,0,0,3,0,4,0,0
MAG-399,0,0,0,0,0,0,0,0,0,0,0,0,0,0,0,0,0,0,0,0,0,0,1,0,0,0,0,0,0,0,0,0,0,0,0,0,0,0,0,0,0,10,0,0,0,0,0,0,0,2,0,0,0,0,0,0,0,4,0,0,0,0,0,0,0,7,0,0,0,6,0,0,0,0,2,0,0,1,0,0
MAG-400,11,0,3,2,1,0,5,0,0,6,13,1,9,0,11,2,9,4,0,1,0,0,2,2,2,0,4,0,3,1,11,0,1,5,3,1,2,8,0,12,0,1,4,0,1,0,1,0,0,0,0,0,0,0,0,0,0,0,0,0,0,0,1,0,0,1,0,0,0,1,1,0,1,0,0,0,0,0,0,1
MAG-401,2,1,0,1,0,0,2,1,0,1,0,0,1,1,2,0,2,0,0,0,0,0,1,2,0,1,0,0,0,1,0,1,0,0,1,1,0,0,3,0,0,0,0,0,0,0,0,0,0,0,0,0,0,0,0,0,0,0,0,0,0,0,0,0,0,0,0,0,0,0,0,1,0,0,0,3,0,0,0,0
MAG-402,2,0,3,4,3,0,2,2,0,0,3,1,2,4,1,1,4,4,0,0,0,2,0,0,0,0,2,0,0,3,2,2,0,5,0,0,4,3,1,1,1,6,3,0,0,0,1,1,1,7,21,7,2,1,0,18,12,14,1,0,1,17,0,0,1,10,0,17,1,9,0,0,1,1,0,1,2,13,1,2
MAG-403,1,1,1,1,0,0,0,0,0,3,0,0,0,2,4,1,3,4,1,1,0,0,1,10,0,0,1,1,11,0,1,17,0,2,0,0,1,1,12,2,1,0,0,0,0,0,1,0,0,0,1,0,1,3,11,0,0,0,0,1,2,0,10,1,12,1,1,0,1,0,16,0,0,1,0,9,0,0,0,1
