Taxon,Cd_O,Ni_O,Cd_L_1,Cd_L_2,Cd_L_3,Cd_M_1,Cd_M_2,Cd_M_3,Cd_H_1,Cd_H_2,Cd_H_3,Ni_L_1,Ni_L_2,Ni_L_3,Ni_M_1,Ni_M_2,Ni_M_3,Ni_H_1,Ni_H_2,Ni_H_3
MAG-1,0.285597,0.213269,0.153506,0.156013,0.176543,0.096592,0.101401,0.128903,0.049885,0.04817,0.049323,0.063922,0.043129,0.053731,0.055373,0.058943,0.051819,0.016271,0.02,0.014177
MAG-2,0.124644,0.116929,0.110438,0.077294,0.086613,0.14836,0.174681,0.181098,0.11191,0.127575,0.123098,0.024999,0.03532,0.018151,0.042526,0.049138,0.059305,0.008817,0.009415,0.013194
MAG-3,1.350092,1.880746,0.761068,0.692233,0.719666,0.063014,0.085851,0.080061,0.022512,0.023947,0.019572,0.769219,0.779966,0.760568,0.470123,0.53527,0.509688,0.087973,0.071052,0.084768
MAG-4,0.427609,0.686477,1.029498,0.998815,1.010344,0.227952,0.248696,0.270664,0,0,0,0.035642,0.02966,0.028902,0,0,0,0,0,0
MAG-5,0.936319,1.030462,0.197128,0.206357,0.206703,0.1658685,0.173289,0.170239,0,0,0,1.778516,1.840868,1.774371,0.568311,0.733442,0.713567,0.117312,0.101012,0.118925
MAG-6,1.470298,1.468928,3.787275,3.904753,3.866812,2.230106,2.779308,2.801496,0,0,0,0.454455,0.483036,0.459714,0.982802,1.187444,1.116316,0.378736,0.379169,0.389954
MAG-7,44.566378,104.497807,2.861481,3.167099,3.132414,0.219172,0.272022,0.233203,0.032735,0.032455,0.04086,5.078304,5.429444,5.116739,0.607481,0.845994,0.76014,0.081859,0.079918,0.080988
MAG-8,5.66186,4.588269,2.516763,2.685966,2.709531,0.476321,0.61561,0.606008,0,0,0,0.227297,0.274876,0.236045,0.634881,0.423629,0.428544,0.020405,0,0.016897
MAG-9,5.06195,5.955886,2.738918,2.704121,2.797261,1.416838,1.423153,1.467174,0,0,0,1.896987,2.040431,2.050265,0.036447,0.064578,0.060889,0,0,0
MAG-10,1.922521,3.77319,2.239773,2.032327,2.069982,0,0,0,0,0,0,0.588364,0.529561,0.527599,0,0,0,0,0,0
MAG-11,6.094534,8.134993,3.168878,2.914268,3.092286,0.289787,0.343023,0.351406,0.059102,0.058406,0.056311,0.707004,0.760482,0.731445,0.037463,0.040322,0.032287,0,0,0
MAG-12,3.605093,16.824376,0.384541,0.424725,0.432392,0.046781,0.056924,0.053792,0.012218,0.011802,0.00476,0.077693,0.077468,0.081088,0.037839,0.041601,0.041411,0.005682,0.006485,0.005571
MAG-13,24.121971,44.067987,0.490976,0.648183,0.616963,0.03831,0.04488,0.043359,0.017951,0.012067,0.017766,0.557052,0.602158,0.588737,0.03283,0.053327,0.04666,0.007574,0.014929,0.0091
MAG-14,1.120965,1.509202,0.711409,0.861361,0.839437,4.039096,6.067687,6.290819,5.137864,5.192512,5.159383,0.029456,0.0345,0.025479,0.026294,0.023828,0.027633,0,0,0
MAG-15,0.597984,0.678187,2.262867,2.355727,2.433799,0.46506,0.560108,0.619225,0.026999,0.031738,0.027718,22.448202,24.740758,24.556318,83.941115,75.169845,74.02011,0.05313,0.040391,0.036329
MAG-16,0.2490375,0.412514,0.175142,0.151292,0.1542,0.964955,1.04097,1.026466,0,0,0,0,0,0,0,0,0,0,0,0
MAG-17,0.151116,0.10996,8.061642,9.683204,9.913437,1.329988,1.82643,1.904694,0.235611,0.281348,0.260365,0.012496,0.012676,0.011084,0.323971,0.650027,0.64882,0.098149,0.077959,0.076326
MAG-18,6.945323,2.896466,6.309351,7.44481,7.564394,0.020796,0.023244,0.027609,0.003806,0.006622,0.006778,0.013664,0.022904,0.020446,0.015534,0.017264,0.018398,0.003429,0.003457,0.002256
MAG-19,1.524414,0.627664,0,0,0,0,0,0,0,0,0,0,0,0,0.151496,0.143505,0.133043,0.019966,0,0
MAG-20,0.59282,0.755899,0.679015,0.695372,0.658675,0.337275,0.218585,0.207642,0,0,0,8.310106,8.692899,8.084214,0.069668,0.068772,0.0631195,0,0,0
MAG-21,1.399886,1.070826,6.180838,6.371349,6.263482,0.530134,0.521245,0.513118,0.028195,0.025254,0.021432,0.156693,0.159642,0.139416,0.047993,0.064648,0.053858,0,0,0
MAG-22,1.396273,1.324623,5.905826,6.149687,5.878249,1.706623,1.271488,1.265339,0.10873,0.111518,0.11715,0.460751,0.502603,0.415307,0.65354,0.727994,0.617995,0.067038,0.068283,0.085006
MAG-23,3.628389,2.577492,4.895406,5.284529,5.028375,0.90741,0.989188,0.992446,0.082465,0.083256,0.08949,0.209261,0.216038,0.189291,0.074799,0.087315,0.08157,0.012232,0.007418,0.013682
MAG-24,4.304195,2.192144,4.439373,4.443645,4.386376,0.037127,0.018599,0.021985,0,0,0,1.003105,1.054774,0.972369,0.015688,0,8e-05,0,0,0
MAG-25,41.811398,47.711387,8.064722,8.471619,8.159707,0.291485,0.213075,0.244778,0,0,0,3.23081,3.18223,2.996045,0.527778,0.60247,0.54904,0,0,0
MAG-26,0.203687,0.174599,0.765625,0.727458,0.719969,0,0,0,0,0,0,0.251568,0.232679,0.230304,0,0,0,0,0,0
MAG-27,0.080445,0.041562,3.044865,3.040901,2.995739,2.714936,2.164109,2.216093,0.068839,0.064056,0.059026,1.562069,1.606545,1.489612,1.743457,1.565485,1.346023,0,0,0
MAG-28,14.68841,7.867935,35.655806,39.174307,39.121968,67.944001,59.755104,61.852808,0.076075,0.086853,0.08235,0.545775,0.524655,0.496678,2.872969,3.947539,3.813643,0.037687,0.045286,0.051056
MAG-29,0.252774,0.194317,0.222609,0.230557,0.242381,0.062724,0.070206,0.074345,0.007432,0.00977,0.007909,2.887307,3.087871,2.943681,18.0777,19.319332,17.565855,0.011022,0.020241,0.016244
MAG-30,10.074646,4.583521,0.978563,1.305756,1.291593,0.20972,0.268424,0.288191,0.060792,0.071548,0.057473,2.361158,2.295901,2.150541,0.869801,1.208136,1.114333,0.356034,0.361717,0.362082
MAG-31,9.7631775,6.380817,3.844347,4.433353,4.350324,1.320372,1.850592,1.824359,1.063561,1.125564,1.095291,0.990739,1.000633,0.986496,0.62668,0.932014,0.901825,0.285096,0.290219,0.293233
MAG-32,2.740762,1.695972,2.877458,3.301772,3.118801,0,0,0,0,0,0,0.114474,0.084536,0.101586,0.081326,0.075804,0.064076,0,0,0
MAG-33,0.128418,0.103163,0.073742,0.087121,0.076565,0.048272,0.070612,0.065772,0.01656,0.02083,0.020783,0.022555,0.023869,0.023758,0.038333,0.043607,0.036177,0.005686,0.004421,0.01119
MAG-34,0.378,0.191594,0.454319,0.510381,0.4832815,0.385739,0.301251,0.313726,0,0,0,0.349803,0.328489,0.331411,0.254086,0.341094,0.327905,0.142037,0.139148,0.155553
MAG-35,0.291092,0.235392,1.406194,1.542131,1.641205,5.973448,8.761901,9.139398,0.197934,0.220842,0.22791,1.46233,1.44305,1.450888,4.530275,5.608103,5.573665,0.876228,0.891242,0.794105
MAG-36,0.145401,0.066463,0.077003,0.095319,0.082275,0.018837,0,0,0,0,0,0.071801,0.06555,0.062352,0.5397145,0.506173,0.495236,0.351254,0.36893,0.380105
MAG-37,0.370558,0.467742,0.301994,0.363872,0.371817,0.111366,0.173309,0.17534,0,0,0,0.248266,0.257943,0.228324,0.16265,0.168375,0.16437,0.0919645,0.077124,0.072859
MAG-38,0.43696,0.364475,0.020347,0.02352,0.023892,0,0,0,0,0,0,0.005687,0.003987,0.004943,0,0,0,0,0,0
MAG-39,0.446604,0.95372,2.191568,2.692279,2.777481,0.046201,0.047314,0.045898,0,0,0,2.952034,3.280344,3.265588,0.05033,0.044106,0.045032,0,0,0
MAG-40,0.190871,0.285729,0.268115,0.401702,0.361376,0.210503,0.303337,0.30646,0.084142,0.102922,0.095314,0.825187,0.835095,0.817092,0.860055,0.918572,0.902084,0.32747,0.329912,0.324799
MAG-41,1.8105175,1.867799,0.324074,0.405172,0.4084725,0.174923,0.199452,0.223489,0.020564,0,0,0.0891905,0.096627,0.094513,0.077116,0.076311,0.056567,0.035232,0,0
MAG-42,0,0,0,0,0,0,0,0,0,0,0,0.242149,0.263382,0.261885,3.977767,3.704385,3.64719,0.880305,0.81826,0.784739
MAG-43,1.145932,0.942986,2.66734,3.220501,3.19289,0.959929,1.337051,1.374616,0.317777,0.362268,0.337344,1.282096,1.413537,1.3467295,0.2948255,0.302755,0.299857,0.118157,0.088628,0.085749
MAG-44,0.90474,0.526431,4.108099,4.97348,5.008672,0.735845,0.849657,0.895622,0.310647,0.357505,0.35265,0.935578,1.030613,1.018906,0.394863,0.431248,0.409894,0.223538,0.218307,0.226844
MAG-45,10.064012,17.110526,0.509701,0.552648,0.594915,0,0,0,0,0,0,0.354408,0.393748,0.405772,0.0532685,0.042437,0.045202,0.014945,0,0.011584
MAG-46,4.867463,7.875314,0,0,0,0,0,0,0,0,0,0.070334,0.069355,0.074807,0,0,0,0,0,0
MAG-47,1.958713,4.959839,0.023772,0.035826,0.037007,0,0,0,0,0,0,0.026204,0.032595,0.027966,0.057843,0.078908,0.087832,0,0,0
MAG-48,0.10237,0.01921,0.040221,0.026665,0.032295,0,0,0,0,0,0,0,0,0,0.065853,0.088971,0.081905,0.019028,0,0
MAG-49,1.483989,1.551812,0,0,0,0,0,0,0,0,0,0,0,0,0,0,0,0,0,0
MAG-50,4.246529,4.870544,1.846746,1.986711,1.956441,0.091011,0.089173,0.101657,0.022689,0.027189,0.021057,0.643452,0.70309,0.654409,0.853087,0.912914,0.8701375,0.107337,0.122536,0.119425
MAG-51,6.859443,4.756847,0.595444,0.641657,0.708008,0.026398,0.025385,0.023986,0.011136,0.008959,0.009146,0.035721,0.032841,0.035317,0.164478,0.210527,0.197642,0.040443,0.044717,0.041756
MAG-52,3.776317,1.365841,0.72155,0.77297,0.811649,0.073302,0.089244,0.099765,0.035734,0.020199,0.023677,0.019483,0,0,0.05375,0.058517,0.049625,0.016997,0,0.017719
MAG-53,2.082636,0.717275,4.916427,5.262757,5.010366,2.590066,1.987947,2.014791,0.293729,0.30065,0.302839,0.255135,0.245235,0.243025,0.914162,0.958356,0.850814,0.126054,0.138816,0.122712
MAG-54,1.469218,1.274735,2.446215,2.455609,2.274775,0.728422,0.934003,0.969463,0.312239,0.343922,0.314737,0.288598,0.309286,0.251045,0.882514,0.807079,0.812975,0.301597,0.269434,0.283738
MAG-55,2.716146,1.5760525,0.424779,0.448998,0.445125,0,0,0,0,0,0,0.060531,0,0,0,0,0,0,0,0
MAG-56,7.60607,5.080602,10.495238,11.371155,11.581378,2.306666,1.732846,1.837528,0.0254435,0.035853,0.022363,1.443988,1.358219,1.313858,1.302755,1.16843,1.076173,0.033603,0.031344,0.030259
MAG-57,5.685025,3.1865565,6.183403,6.058285,6.140784,0.07417,0.081476,0.070554,0,0,0,0.173566,0.159915,0.130204,0.171185,0.274622,0.231732,0,0,0
MAG-58,2.801698,1.72182,0.544756,0.622777,0.610389,0.043681,0.063284,0.0595,0,0,0,0.081009,0.064971,0.066652,0.085195,0.092398,0.079412,0.017266,0.015912,0.021724
MAG-59,23.88026,60.152604,3.710412,3.846157,3.774416,0.031354,0.030915,0.035642,0.008338,0.009526,0.014243,4.340807,4.616384,4.419747,0.02174,0.019951,0.02624,0.004798,0.004302,0.003458
MAG-60,1.030533,0.774554,1.647074,1.698561,1.71961,0.577636,0.743555,0.826589,0.219897,0.235194,0.268275,0.096391,0.096884,0.10111,0.136202,0.155053,0.146986,0.0264675,0.032422,0.024409
MAG-61,0.318447,0.317457,1.133429,1.264129,1.261975,3.385495,4.676376,4.792363,1.339877,1.465295,1.476485,0.414159,0.453527,0.428945,0.365414,0.370319,0.369272,0.09172,0.090138,0.095218
MAG-62,0,0,0,0,0,0,0,0,0,0,0,0,0,0,0,0,0,0,0,0
MAG-63,0.068907,0,0,0,0,0,0,0,0,0,0,0,0,0,0,0,0,0,0,0
MAG-64,3.124003,1.997143,6.991758,7.32248,7.271379,9.043794,6.168883,6.479587,7.491422,8.206182,7.981667,0.480149,0.468089,0.439396,0.373798,0.40831,0.374614,0.157776,0.122307,0.158054
MAG-65,0.377075,0.158889,0.5781,0.671775,0.629139,4.33462,2.907323,2.864651,3.805884,3.814021,3.829575,0.02829,0.020615,0.019626,0.056984,0.060634,0.059527,0.034283,0,0.018511
MAG-66,2.258368,1.047617,3.535555,3.951455,3.815492,4.501553,3.607937,3.777581,0.492319,0.554667,0.545472,0.186319,0.178492,0.17369,0.460332,0.598236,0.529247,0.153716,0.155632,0.176299
MAG-67,5.938648,4.119892,15.742045,16.893089,16.804415,45.439757,34.218193,35.282207,0.584534,0.463068,0.458334,1.946328,1.993414,1.8658785,1.246545,1.234681,1.089772,0,0,0
MAG-68,3.557985,2.969022,7.591859,8.234074,8.176277,10.807769,7.270676,7.619574,0.131284,0.102956,0.113703,2.90626,2.90963,2.747916,1.83968,1.873273,1.653557,0.05162,0.051969,0.04413
MAG-69,2.01581,2.229348,1.286593,1.537863,1.568591,0.386943,0.453391,0.467237,0.164003,0.189993,0.179032,0.574796,0.589574,0.525242,5.988702,5.447751,4.994841,0.387937,0.353832,0.387787
MAG-70,2.904717,1.369705,0.32661,0.443663,0.441469,0.134843,0.145918,0.147191,0.059013,0.068993,0.088362,0.031122,0.032279,0.030485,0.074742,0.105995,0.10198,0.028976,0.026903,0.020605
MAG-71,0.855832,0.286437,0.20148,0.269191,0.270105,0.066426,0.074312,0.081702,0.02739,0.016368,0,0,0,0,0.038137,0.050566,0.037494,0.014971,0,0.016394
MAG-72,1.386026,0.548362,3.011919,3.343684,3.353813,0.5667,0.381804,0.380913,0.033817,0.012718,0,0.487839,0.390107,0.367148,0.396291,0.434729,0.37506,0,0,0
MAG-73,3.130016,4.43635,2.419614,2.366758,2.359968,2.250757,1.454394,1.48183,0.480092,0.520878,0.486497,0.340224,0.355312,0.333071,3.609879,3.25634,2.93073,1.478449,0.972706,1.029693
MAG-74,6.430901,5.870331,2.256072,1.973337,2.008394,0.150394,0.09079,0.079477,0,0,0,0.284118,0.302656,0.285025,1.253439,0.953034,0.840987,0.040175,0,0.035454
MAG-75,1.4698,0.873548,2.079913,2.319938,2.337806,1.816674,1.197205,1.252025,0.315742,0.326657,0.300109,0.190363,0.170264,0.154616,0.374432,0.399203,0.350552,0.027135,0.016853,0.019184
MAG-76,1.49222,1.625374,1.190554,1.042639,1.037189,1.757372,1.003499,1.046186,1.112076,1.1417705,1.120063,0.371342,0.36579,0.359285,0.058252,0,0,0,0,0
MAG-77,0,0,0,0,0,0.236808,0.297212,0.307003,0,0,0,0,0,0,0,0,0,0,0,0
MAG-78,1.165182,0.176668,1.815747,1.633119,1.628426,0.112646,0,0,0,0,0,0,0,0,0,0,0,0,0,0
MAG-79,75.07823,15.526992,5.115462,4.930468,4.744386,0.064575,0.077727,0.071741,0.014324,0.019037,0.015093,1.692942,1.797796,1.597222,0.049391,0.050959,0.048399,0.013093,0.011774,0.011763
MAG-80,0.299162,0.100492,1.80284,1.907456,1.84268,1.357013,0.904564,0.88948,0.5590925,0.652629,0.626808,0,0,0,0.11541,0.130026,0.110412,0.028593,0,0.021591
MAG-81,0.286122,0.139332,0.167038,0.185551,0.171147,0.098305,0.108129,0.096685,0.022919,0.01728,0.021924,0.021285,0.02605,0.021714,0.035027,0.039392,0.036347,0.010812,0.008544,0.008381
MAG-82,0.278706,0.150313,0.377594,0.363173,0.3884,70.559379,55.129112,56.928232,2.767656,2.364358,2.362537,0.115914,0.128175,0.124616,3.784063,2.599919,2.390207,0.042504,0.040934,0.048226
MAG-83,13.761332,1.05505,19.149015,17.674634,17.834107,0.129758,0.137168,0.114899,0.006091,0.007119,0.006717,0.107247,0.125156,0.124654,0.043405,0.044395,0.045896,0.002916,0.00091,0.001074
MAG-84,18.808436,28.170359,0.057148,0.038583,0.055585,0.037667,0.04812,0.038856,0,0.004661,0,0.00544,0.008769,0.011048,0.004295,0.004287,0.002398,0,0,0
MAG-85,2.609407,2.998791,3.531361,3.673965,3.57885,2.435296,2.912501,2.966442,0.161414,0.164334,0.154986,0.107221,0.119685,0.105554,0.086323,0.097439,0.098356,0,0,0
MAG-86,0,0,2.635598,2.622448,2.699632,0,0,0,0,0,0,0,0,0,0,0,0,0,0,0
MAG-87,4.909953,2.759936,12.376729,13.666798,13.542071,1.032754,1.142598,1.228611,0.329173,0.341881,0.327316,0.090397,0.101134,0.091976,0.093479,0.113274,0.098482,0.025938,0.0215,0.030426
MAG-88,1.353686,6.708912,0.968745,0.932936,0.9565245,0.4386835,0.49821,0.5205765,0,0,0,0.102479,0.089481,0,0,0,0,0,0,0
MAG-89,3.247581,3.769475,0.833326,0.860748,0.834116,0.051321,0.049651,0.02155,0,0,0,0,0,0,0,0,0,0,0,0
MAG-90,0.072507,0.177315,0.049515,0.070457,0.054557,0.039642,0.048448,0.046579,0.005553,0.013561,0.011195,18.274996,18.873666,17.482962,0.089845,0.107882,0.089409,0.015395,0.014925,0.01961
MAG-91,3.288126,5.401292,0.406115,0.402209,0.377032,0.022591,0.025035,0.024068,0.00393,0.003794,0.00485,2.114875,2.03653,1.920383,6.387526,5.819088,5.25088,0.0366,0.031082,0.034316
MAG-92,0.245324,0.27021,0.059047,0.04056,0.044086,0,0,0,0,0,0,0,0,0,0,0,0,0,0,0
MAG-93,0.061044,0.133012,4.485573,3.557333,3.838457,0.022387,0.028999,0.027347,0.005391,0.006827,0,0.010757,0.009737,0.010369,0.007065,0.007373,0.006343,0,0,0
MAG-94,0.552172,0.607995,0.313577,0.340019,0.365242,0.263387,0.309116,0.308298,0.120891,0.101624,0.104698,0.172246,0.172904,0.183693,0,0,0,0,0,0
MAG-95,0.37729,0.513994,0.309745,0.302665,0.301947,0.131567,0.146779,0.146923,0.059137,0.02333,0.039633,1.302006,1.246352,1.272206,1.632283,1.868285,1.913465,0.338884,0.332538,0.306848
MAG-96,28.22325,41.523344,0.312733,0.349672,0.371775,0.032856,0.022647,0.032057,0,0,0.010198,0.306424,0.346165,0.353996,0.042699,0.042607,0.036616,0.013425,0.003944,0.017745
MAG-97,0.404446,0,1.002993,1.081803,1.105516,0.092447,0.062562,0.062209,0.019551,0.02168,0.025892,0,0,0,0.183334,0.227793,0.240581,0.088533,0.092407,0.075376
MAG-98,0.01679,0.027048,0,0,0,0,0,0,0,0,0,0,0,0,0,0,0,0,0,0
MAG-99,3.965617,4.640095,0.015727,0,0,0,0,0,0,0,0,0,0,0,0,0,0,0,0,0
MAG-100,86.586744,106.45419,0.119342,0.143308,0.179256,0.003313,0,0,0,0,0,0.011342,0.014739,0.022309,0.131837,0.210626,0.157657,0.029039,0.025054,0.034621
MAG-101,0,0,0,0,0,0,0,0,0,0,0,0,0,0,0,0,0,0,0,0
MAG-102,0.103905,0.113995,0.06011,0.065573,0.057638,0.041362,0.036633,0.046491,0.033726,0.035431,0.042942,0.033477,0.029151,0.039175,0.031918,0.028751,0.031627,0.055303,0.069033,0.057449
MAG-103,6.837046,13.796984,11.053945,12.066233,12.042983,14.416208,13.418459,13.497537,2.984697,3.27359,3.156041,3.216319,3.532739,3.244129,2.045271,2.345632,2.271916,0.880143,0.903217,0.945864
MAG-104,0.966806,2.42197,1.474948,1.531681,1.541573,1.7745805,1.9775435,2.009398,0.875708,0.924701,0.892817,4.575105,4.971298,4.886266,1.059236,1.050589,1.061818,0.374601,0.397781,0.387589
MAG-105,0,0.34061,0,0,0,0,0,0,0,0,0,0,0,0,0,0,0,0,0,0
MAG-106,9.235251,13.021081,3.90171,4.066853,3.971444,5.813307,5.435301,5.542261,5.675129,5.804973,5.544676,0.424169,0.423695,0.363821,0.232731,0.353742,0.295311,0.11768,0.12006,0.127177
MAG-107,7.163255,18.825555,3.503535,3.794298,3.570819,5.329565,5.204793,5.371658,3.341423,3.796064,3.720019,4.144793,4.167543,3.903531,0.42026,0.486753,0.497142,0.149205,0.143304,0.137513
MAG-108,3.962406,4.691006,4.124827,4.626773,4.589322,6.390663,7.832894,8.018945,1.619801,1.963405,1.870974,0.829253,0.794021,0.762245,0.584398,0.928011,0.8753465,0.310227,0.341345,0.349699
MAG-109,7.467266,7.933434,4.501,5.302459,5.136469,2.83145,3.578246,3.626789,0.517962,0.579768,0.51997,0.328188,0.316441,0.304531,0.305601,0.448175,0.428134,0.081648,0.09281,0.088169
MAG-110,1.328937,1.789357,0.715986,0.764808,0.729808,1.40766,1.652836,1.667087,0.639559,0.716866,0.682152,0.212895,0.20087,0.213664,0.289671,0.3742,0.374098,0.088352,0.076757,0.084511
MAG-111,2.272283,3.991856,2.591613,2.948573,2.84633,1.943516,3.222562,3.411132,1.016591,1.156347,1.106137,1.269083,1.349548,1.261067,1.340596,2.122736,1.919855,0.600688,0.633296,0.640149
MAG-112,3.398033,1.630403,2.126532,2.598538,2.576991,3.731843,4.487386,4.474547,1.56186,1.865227,1.806419,0.198581,0.184397,0.164414,0.397207,0.54503,0.5375505,0.118343,0.121442,0.127999
MAG-113,1.754294,1.664731,1.298811,1.6497715,1.642582,0.343699,0.541338,0.545013,0.112659,0.12218,0,0.571731,0.5741785,0.5000425,0.546684,0.794526,0.79451,0.072972,0,0.039604
MAG-114,2.71262,4.440339,2.218024,2.368917,2.243379,3.337984,3.140557,3.080403,0.511837,0.53554,0.537712,0.521378,0.507467,0.491062,0.115942,0.151768,0.144386,0.025233,0,0.020118
MAG-115,5.585876,2.596023,5.097439,6.574858,6.343563,17.294061,26.296733,26.563178,4.607565,5.613796,5.543416,0.48513,0.551218,0.547784,1.721809,2.335767,2.272533,0.709072,0.611006,0.695658
MAG-116,5.898035,2.516615,3.454406,5.013797,4.941417,7.440891,8.702997,8.701249,2.814434,3.7742,3.71176,0.120803,0.141321,0.1199,1.290392,1.40037,1.428688,0.804085,0.838284,0.859723
MAG-117,0.38483,0.554695,0.864308,1.003634,1.100445,0.537597,0.680016,0.692397,0.438622,0.486425,0.448906,1.270879,1.297372,1.226175,0.676099,1.118145,1.052027,0.303256,0.403993,0.383306
MAG-118,0.162872,0.305986,0.163959,0.14043,0.124416,0.107586,0.14621,0.158458,112.039488,112.22198,111.790349,0.051443,0.060009,0.063955,0.086572,0.090673,0.110081,0.104061,0.106996,0.126305
MAG-119,0.166859,0.400272,0.075502,0.08317,0.068902,0.043546,0.045403,0.052336,0.039887,0.048297,0.058131,0.046568,0.043019,0.050376,0.036381,0.062004,0.0689,10.421409,10.798598,11.033315
MAG-120,0.214186,0.473149,0.078365,0.096551,0.091527,0.078476,0.082779,0.082898,0.051309,0.09201,0.102251,0.26192,0.219635,0.213608,0.24558,0.953282,0.958323,69.015038,76.630065,77.270167
MAG-121,0.179967,0.362802,0.078674,0.091376,0.066176,0.032304,0.053263,0.053605,0.035884,0.039756,0.034281,0.830059,0.823335,0.819483,2.191894,4.606825,4.202865,148.95492,163.154976,164.748573
MAG-122,0.306462,0.409466,1.34096,1.423428,1.359404,0.185971,0.205629,0.2159125,0,0,0,1.2744615,1.1880315,1.208181,0.2933595,0.5279965,0.540462,0,0,0
MAG-123,1.727626,2.466697,0.606787,0.934182,0.887747,0.337631,0.444193,0.460459,0.129668,0.150987,0.136884,2.888526,2.632888,2.555013,0.412518,0.595516,0.596205,0.124126,0.138449,0.125368
MAG-124,0.75977,0.924449,0.343816,0.485197,0.513581,0.234612,0.303213,0.310032,0.056865,0.060161,0.062486,0.396066,0.413639,0.367877,0.107356,0.18339,0.136496,0.051326,0.04479,0.051079
MAG-125,0.151417,0.408531,0.155778,0.146213,0.155934,0.073629,0.086837,0.079041,0.017077,0.016682,0.006071,4.503111,4.319045,4.181462,1.062703,1.389825,1.284297,0.629316,0.683284,0.646091
MAG-126,0.823019,3.943891,2.28685,2.655797,2.611571,0.950768,0.955335,0.942678,0,0,0,1.095894,1.140127,1.181014,1.998492,1.884286,1.739314,0,0,0
MAG-127,1.464787,5.858846,3.223003,3.576766,3.463316,1.1973,1.285874,1.295787,0.021425,0,0.045645,0.789122,0.762361,0.775948,0.311505,0.341047,0.279987,0,0,0
MAG-128,0.16514,0.407354,0,0,0,0,0,0,0,0,0,0.150142,0.109266,0.110701,0.161199,0.215393,0.216451,0.070227,0,0.069552
MAG-129,0.228054,0.217211,0.074216,0.090192,0.083822,0.039435,0.033167,0.03442,0,0,0,0.082353,0.080852,0.071775,0.062689,0.083803,0.065559,0.035545,0.019139,0.039265
MAG-130,0.505694,0.534348,0.360755,0.402141,0.371904,0.216757,0.218179,0.24296,0.131943,0.175139,0.159866,0.150495,0.171246,0.178354,0.097987,0.120869,0.144154,0.085645,0.087324,0.079781
MAG-131,0.815671,0.634679,0.334483,0.421974,0.410656,0.243173,0.305296,0.283571,0.141368,0.178905,0.171345,0.149984,0.144865,0.144472,0.10702,0.130222,0.125296,0.069772,0.051866,0.060954
MAG-132,3.798107,1.325665,1.015737,1.424174,1.43809,1.902569,2.201711,2.254056,1.109642,1.621924,1.617971,0.084311,0.078833,0.074791,0.147947,0.234261,0.21244,0.130879,0.105624,0.118665
MAG-133,0.357488,0.547265,0.205663,0.194817,0.245799,0.184196,0.205494,0.22102,17.680101,21.076422,20.548027,0.163055,0.14527,0.150329,0.389126,0.484286,0.464088,4.856135,4.780063,4.819225
MAG-134,0.271869,0.317931,0.133313,0.180814,0.170114,0.119054,0.14905,0.11935,0.077693,0.112034,0.100509,0.094892,0.102021,0.113699,2.283455,2.067955,2.012451,17.784886,19.199151,18.71946
MAG-135,0.177871,0.2133265,0.056858,0,0,0,0,0,0,0,0,0.063017,0.052435,0.060532,3.771289,5.104037,4.910257,1.54147,1.604071,1.644265
MAG-136,12.222796,20.929463,4.837756,5.933964,5.880525,2.010418,3.586,3.631816,1.324096,1.56812,1.587994,3.330505,3.463675,3.342534,0.798904,1.423062,1.330694,0.234133,0.276031,0.278927
MAG-137,0.200753,0.197451,0.036849,0,0,0,0,0,0,0,0,0.090393,0.077553,0.075456,1.142044,1.773831,1.712262,3.486687,3.638297,3.697938
MAG-138,0.454786,0.522078,0.36213,0.438649,0.417434,0.322253,0.374116,0.398966,0.127264,0.206896,0.176771,0.11369,0.108723,0.12396,0.11027,0.15101,0.169518,0.110384,0.091549,0.116823
MAG-139,0.248279,0.194164,0.13804,0.188567,0.157993,0.164722,0.178741,0.186408,0.072007,0.094473,0.090906,0.091259,0.090443,0.105007,0.062746,0.09328,0.105146,0.040675,0.049694,0.051308
MAG-140,0.272142,0.319994,0.217648,0.295053,0.276717,0.347716,0.549178,0.507891,0.19917,0.186669,0.194589,0.790668,0.836742,0.839853,0.412166,0.566934,0.537219,0.184981,0.219509,0.222831
MAG-141,4.070754,3.053536,3.016608,3.756864,3.633178,0.908192,1.365801,1.371006,0.1323415,0.171903,0.173567,0.126758,0.121111,0.132307,0.256142,0.391446,0.367538,0.058484,0.071324,0.068285
MAG-142,3.800221,2.383817,0.917265,1.194561,1.125673,0.475754,0.604249,0.642798,0.215318,0.256261,0.262889,0.093084,0.049688,0.07505,0.101554,0.169075,0.15242,0,0,0
MAG-143,5.204517,7.295307,4.040094,4.859945,4.850673,1.12703,1.837882,1.93653,0.379084,0.445069,0.435958,0.793934,0.865811,0.858805,0.241649,0.481001,0.478704,0.075076,0.081766,0.07439
MAG-144,2.773149,7.494988,2.302152,2.533743,2.5653175,0.34564,0.667099,0.627796,0.139826,0.173011,0.167908,2.498805,2.968,2.911872,0.430437,0.716257,0.715998,0.083257,0.06694,0.076491
MAG-145,6.750798,12.956161,0.774313,1.158591,1.127888,0.21001,0.281804,0.295825,0.13175,0.154259,0.158783,0.569054,0.588084,0.580979,0.106346,0.136069,0.148453,0.061926,0.060352,0.057284
MAG-146,1.382485,0.988838,1.589955,1.873312,1.798176,0.889878,1.023234,1.061235,0.33867,0.386637,0.397508,0.105953,0.106947,0.110049,0.202406,0.331946,0.29325,0.063509,0.069458,0.074932
MAG-147,0.902024,1.111345,0.671317,0.762856,0.7271495,0.2214,0.29047,0.284898,0.091527,0.114606,0.102236,0.134234,0.129602,0.138517,0.0746495,0.106808,0.086328,0.013518,0,0
MAG-148,0.781185,1.579506,0.696945,0.668798,0.665636,0.469312,0.431328,0.435086,0.160126,0.190263,0.151105,3.003214,3.168436,2.949745,4.089209,5.171945,4.827635,1.728224,1.752694,1.820001
MAG-149,5.665552,9.423075,1.841887,2.167199,2.04982,0.425965,0.600383,0.588069,0.216126,0.209572,0.205432,0.979891,0.99969,0.981161,0.937023,1.303503,1.243108,0.340215,0.325056,0.333235
MAG-150,21.392056,42.408302,39.53253,42.274796,41.814753,11.355102,16.826824,17.252561,6.758231,7.224029,7.196412,18.451353,19.699368,18.872807,14.64709,19.710316,18.550975,7.202774,7.186378,7.527299
MAG-151,3.578336,3.916823,2.192967,2.450171,2.485576,1.069529,1.230435,1.282032,0.705318,0.759064,0.715268,0.705958,0.735785,0.67653,0.299313,0.515448,0.488148,0.189875,0.207597,0.195269
MAG-152,5.73863,6.296183,2.986633,3.36498,3.257741,1.043278,1.52262,1.531907,0.647125,0.660805,0.731691,0.361303,0.304148,0.315111,0.152533,0.201936,0.182441,0.066855,0.076372,0.060846
MAG-153,0.59098,0.703082,3.151679,3.358128,3.495031,4.429206,5.879487,6.164911,2.245617,2.396197,2.342397,0.047005,0.041282,0.043422,0.325954,0.463435,0.451197,0.147937,0.159081,0.156662
MAG-154,1.931821,1.456068,1.538827,1.574718,1.631776,0.664736,0.798385,0.834287,0.519128,0.570321,0.551294,0.058531,0.075165,0.0594065,0.075741,0.114221,0.095288,0.036176,0.042977,0.033957
MAG-155,1.060167,1.275326,1.162872,1.266646,1.208795,1.358534,1.780626,1.865373,0.826147,0.927887,0.801336,0.103169,0.079117,0.096468,0.139548,0.182831,0.207767,0.053851,0.035654,0.066483
MAG-156,2.129858,1.390721,2.79443,3.045596,3.046331,3.679451,4.8421735,4.950784,1.320865,1.385252,1.400248,0.659557,0.658708,0.655401,1.55898,2.172402,2.069167,0.454051,0.492696,0.474182
MAG-157,1.578857,0.729389,1.043249,1.3411775,1.359524,0.381806,0.506792,0.487051,0.20902,0.277494,0.268966,0.32398,0.345753,0.321358,0.267786,0.44935,0.378419,0.135552,0.147386,0.138534
MAG-158,11.89161,4.773417,8.986725,11.35114,11.051007,8.709776,10.753816,11.025708,2.406785,2.826014,2.817524,3.232805,3.298908,3.189825,6.127079,9.577454,9.296932,3.168765,3.520579,3.705537
MAG-159,0.394645,0.347456,0.336513,0.375429,0.337633,0.308644,0.401493,0.35008,0.420879,0.494286,0.507596,0.184052,0.180825,0.166724,0.219341,0.206492,0.21929,0.258403,0.238439,0.256289
MAG-160,1.998946,1.743292,1.888597,2.3809435,2.434681,1.531422,2.169439,2.170211,0.617974,0.692871,0.675017,0.464947,0.378673,0.42167,0.088302,0.134858,0.126666,0.055409,0.04808,0.039985
MAG-161,2.581556,1.166936,0.693425,0.839747,0.891561,0.082259,0.075409,0.046333,0,0,0,0,0,0,0,0,0,0,0,0
MAG-162,0.574811,0.462838,0.630926,0.789128,0.791249,0.542502,0.633508,0.678105,0.105086,0.106119,0.11424,0.072503,0.049279,0.049689,0,0,0,0.058291,0.055828,0.073026
MAG-163,1.263769,0.230215,2.371694,2.876632,2.974059,0.479182,0.484867,0.449277,0,0,0,0,0,0,0,0,0,0,0,0
MAG-164,4.275476,7.868274,0,0,0,0,0,0,0,0,0,0,0,0,0,0,0,0,0,0
MAG-165,0,0,0,0,0,0,0,0,14.60024,13.91725,14.456592,0,0,0,0,0,0,0.351724,0.317097,0.292786
MAG-166,0.5419728,0.5142888,0.177828,0.170988,0.1744488,0.1257936,0.1190376,0.1105272,0.2217816,0.2141088,0.2475456,0.14694,0.1673304,0.1824696,0.8401728,1.1745672,1.151196,0.7063296,0.7414368,0.6187992
MAG-167,27.3578976,34.1132112,3.0097128,2.922492,3.1254936,1.5865536,1.1683344,1.1701776,6.1871328,6.768,7.1243928,7.7653272,8.3891184,8.3876544,6.5748864,10.0601304,10.472232,28.5035616,31.3754904,28.8303696
MAG-168,2.791513,1.732132,1.802101,1.856792,1.865182,5.119689,7.115895,7.083929,5.262749,5.758161,5.767593,0.944179,0.924782,1.124917,1.836381,2.154527,1.968003,1.182979,1.217571,1.106132
MAG-169,0.840634,0.613371,0.769871,0.822457,0.77696,2.475963,3.147931,3.095724,0.919148,0.946524,0.868058,0.339641,0.307516,0.278683,0.170442,0.237996,0.227815,0.080542,0,0
MAG-170,1.437163,0.594195,1.532349,1.554312,1.561354,9.126525,11.126484,11.367512,1.914008,1.948498,1.941855,0.406837,0.436156,0.412274,0.51492,0.598064,0.616992,0.525229,0.46364,0.499722
MAG-171,3.729464,1.1370765,1.097724,1.1079985,1.151779,2.547695,2.977228,3.057403,0.556806,0.567061,0.52124,0.145573,0.100758,0.064391,0.081527,0.1226865,0,0,0,0
MAG-172,12.060823,6.282865,27.184217,30.64604,30.858179,79.396656,109.38724,110.798306,14.936708,16.089052,16.025665,2.621365,2.382705,2.254278,2.838429,4.369035,4.262621,1.387641,1.439502,1.421173
MAG-173,0.777256,0.4786,0.607887,0.712028,0.678997,0.789527,1.004171,1.064675,0.342666,0.373779,0.36674,0.294981,0.308632,0.330636,0.172476,0.202326,0.250556,0.152387,0.171719,0.195237
MAG-174,9.103746,8.070457,13.900589,13.424283,13.87487,10.257965,10.074546,10.439255,0.224207,0.233899,0.198519,10.662049,10.769049,9.901444,0.523954,0.644889,0.621857,0,0,0
MAG-175,1.469901,1.273058,1.069457,1.130463,1.038082,1.297815,1.772922,1.800389,1.227726,1.314348,1.239994,0.916363,0.782097,0.86531,0.982518,1.104426,1.131552,0.995161,0.921926,0.998292
MAG-176,1.637288,1.465807,1.279862,1.325911,1.246669,1.926889,2.434242,2.652689,6.700323,7.213099,7.099816,1.00227,0.991916,0.878273,1.319912,1.622016,1.479584,23.536227,26.334972,26.832389
MAG-177,28.043217,35.02002,19.205,17.765861,18.068554,12.189377,12.251289,12.256999,1.077218,1.109721,1.132458,77.362788,83.542847,78.181541,39.680977,36.188812,33.295562,2.970081,2.8071965,3.092357
MAG-178,217.937055,263.725802,146.988234,136.87807,137.734574,85.127167,80.0134055,81.459946,1.871342,1.804347,1.864574,707.479814,757.464156,702.582203,338.897717,294.467592,274.906488,12.327125,11.039461,11.673566
MAG-179,6.526618,14.12211,2.454679,3.116973,3.243114,0.516006,0.487374,0.522769,0.209339,0.1867055,0.172197,1.142857,1.2292035,1.203895,0.742038,1.1328,1.079246,0.13715,0.114384,0.103965
MAG-180,0.990214,0.996812,0.617937,0.698034,0.745836,0.339375,0.438725,0.455986,0.276776,0.266456,0.244526,0.314163,0.274333,0.297009,0.204539,0.237786,0.254584,0.122942,0.079377,0.081733
MAG-181,2.64243,3.662612,3.793148,3.747786,3.665335,7.71576,9.160064,9.720476,8.744548,8.273298,8.320109,6.329298,6.693105,6.647051,10.526596,12.934018,12.508859,17.624513,18.647892,19.196311
MAG-182,14.1892255,9.470921,43.784748,42.840205,43.836033,55.599746,62.852032,63.636731,53.809158,49.1119805,49.7259065,21.764431,23.208838,22.984432,49.118334,64.286506,63.953117,35.312272,36.134147,36.72915
MAG-183,12.123194,23.360177,20.558472,21.250264,21.238689,47.517159,56.494942,57.5866,68.780343,63.722617,63.531496,30.527417,32.14791,31.153617,39.447128,52.773176,50.654489,321.999439,367.51474,367.08044
MAG-184,1.820683,2.844133,1.177197,1.155901,1.131132,0.821487,0.855993,0.934332,0.256715,0.288682,0.261999,5.018863,5.460848,5.330009,2.159027,2.986686,2.832651,0.355798,0.305342,0.319719
MAG-185,64.075754,81.695414,49.931343,48.978426,50.211555,32.760525,35.896415,37.118861,0.804931,0.744609,0.809788,89.466422,96.116593,92.192897,36.956874,56.773398,54.566543,3.611712,2.733754,2.65694
MAG-186,2.557858,1.971437,12.697236,12.948258,13.013111,33.403084,34.175586,35.502339,5.869383,6.31219,6.103779,1.471085,1.604413,1.498242,3.353917,4.331908,4.074487,3.69989,3.892805,3.656715
MAG-187,1.380565,0.436157,3.947969,4.240954,4.259507,1.520294,1.622994,1.596889,0.545228,0.64579,0.539101,0.335212,0.267247,0.251121,0.217449,0.198927,0.265088,0.263552,0.22807,0.245774
MAG-188,11.8241765,10.182055,20.911869,22.1952995,22.02035,26.384075,35.4007375,36.309504,4.916204,4.8230485,5.011569,3.655406,3.719099,3.3605585,5.153871,5.809353,6.473343,5.13256,4.779809,4.420604
MAG-189,7.671898,6.251735,25.354447,24.480535,25.117431,8.469383,9.715967,9.808483,1.798113,1.683321,1.526684,1.6516845,1.562015,1.76131,1.661785,2.011994,2.31097,1.946992,1.717603,1.587007
MAG-190,2.70279,4.190321,2.149135,2.234131,2.317674,1.996966,2.44976,2.247847,7.138686,7.122301,6.644477,5.98073,6.126442,5.989954,12.912203,16.19748,15.956114,21.158683,20.136836,20.116814
MAG-191,3.150872,4.405154,2.55968,2.512215,2.499179,2.272058,2.786535,2.637512,30.255711,30.533244,30.250652,10.642267,10.454676,10.782922,18.1011745,22.447566,22.575809,26.308717,23.379183,25.281947
MAG-192,6.908786,8.860378,6.209101,6.815645,6.649205,4.688492,6.586035,6.618236,606.261764,617.265596,614.632866,22.98106,24.840107,24.413562,11.268852,14.156016,13.200314,175.414417,172.176416,167.838516
MAG-193,1.9647,1.750607,1.728778,1.790195,1.651117,1.530932,1.662559,1.799602,6.313202,6.312761,5.938191,17.436472,18.505873,18.125412,37.677294,57.637865,56.303632,14.789628,13.625882,13.043845
MAG-194,11.475694,10.824487,8.549354,9.319247,9.4134385,3.872315,5.126477,5.292749,6.49376,6.884286,6.323713,30.938886,31.433568,30.554333,62.654991,145.237208,141.287565,91.676431,92.953772,93.385987
MAG-195,1.439618,0.609273,1.434378,1.388085,1.46023,2.197483,2.617642,2.533603,0.757611,0.74775,0.7473435,0.272736,0.298545,0.275268,0.299797,0.409608,0.374372,0.476193,0.486989,0.4865495
MAG-196,2.400433,1.733783,5.158707,5.568698,5.734783,0.826381,0.98768,0.832558,0.282812,0.277329,0.259737,0.1521,0.134897,0.169797,0.191351,0.249932,0.206417,0.111398,0.102595,0.081828
MAG-197,4.837337,3.923256,16.185302,15.165401,15.555086,5.872649,5.923887,6.3161745,0.489408,0.421651,0.489228,0.574758,0.528458,0.493546,0.792128,1.083553,1.073354,0.246056,0.235627,0.237309
MAG-198,6.11012,3.887133,5.307569,5.689777,5.635573,1.032794,1.289214,1.245487,0.305426,0.334572,0.318617,0.286577,0.241125,0.211398,0.259307,0.38854,0.402417,0.180881,0.143201,0.143124
MAG-199,34.209106,18.747044,55.808639,61.883731,61.166734,6.523262,7.793254,8.019749,0.434132,0.463232,0.449506,0.686146,0.752201,0.750438,0.77307,0.938536,0.954926,0.195738,0.14542,0.189599
MAG-200,13.308264,12.817685,46.026421,44.596386,45.601998,15.366898,19.467229,19.817801,1.02915,1.139713,1.148065,0.629628,0.359842,0.330495,0.568378,0.916664,0.814635,0.256038,0.218143,0.285246
MAG-201,2.977402,2.533106,29.79658,27.604005,28.891878,200.37535,202.275902,207.268573,0.856942,1.004107,0.939356,1.789112,1.342721,1.267577,38.8984,76.91315,74.384465,0.142714,0.191526,0.163706
MAG-202,9.912383,8.385082,6.682816,7.006913,7.248403,6.847851,6.703935,6.861441,1.219586,1.304846,1.388308,0.404234,0.284377,0.280598,1.928662,4.76931,4.424321,0.395018,0.461346,0.43276
MAG-203,5.755613,4.741964,19.903224,20.027624,20.876413,6.821134,8.741869,8.800325,0.787794,0.903675,0.782783,2.719492,2.024144,1.892761,1.367766,2.49304,2.402244,0.499653,0.515017,0.543473
MAG-204,1.32949,0.998876,4.395994,4.830764,4.797483,31.608295,38.759838,39.680603,136.056118,148.729667,146.23931,3.323133,3.461528,3.275275,24.044048,33.637787,31.817752,0.462849,0.503923,0.479083
MAG-205,1.981225,2.878071,2.274939,2.407095,2.473477,2.219386,3.212753,3.199646,3.443436,3.865371,3.699769,1.724678,1.725291,1.596873,1.34668,2.120134,1.95237,0.315293,0.334999,0.360415
MAG-206,7.540582,24.052147,1.806939,2.04825,1.927732,0.683665,0.852117,0.899768,0.705007,0.676991,0.625015,0.819567,0.858471,0.803282,0.602733,0.761451,0.778517,0.480945,0.461007,0.538958
MAG-207,0.614885,0.62191,1.154974,1.187239,1.410281,0.357542,0.359133,0.463546,0.477396,0.429309,0.489963,0.667701,0.625009,0.603469,0.355754,0.45948,0.412738,0.512016,0.563867,0.608133
MAG-208,3.022615,2.101295,0.502869,0.516968,0.534699,0.127815,0.18313,0.158873,0.08454,0.060804,0.057981,0.237312,0.205449,0.219486,0.597816,0.840127,0.853777,0.153159,0.124997,0.146592
MAG-209,0.78102,0.81729,27.859812,28.747106,28.609973,6.121514,8.346287,8.477549,192.611671,195.452343,194.597684,0.635521,0.738619,0.674115,1.836694,1.859842,1.869708,10.915114,10.829948,11.113335
MAG-210,3.043735,5.601034,3.904506,4.033142,3.917555,0.462566,0.571848,0.596823,0.09766,0.110051,0.121506,2.912079,2.931043,2.82249,0.259666,0.30646,0.286898,0.074939,0.079534,0.082647
MAG-211,4.063489,4.730039,5.76365,5.958287,5.623852,1.487096,1.539834,1.639196,0.422632,0.426238,0.375132,4.67748,4.919855,4.688802,2.73477,3.556655,3.230835,0.389747,0.505556,0.548592
MAG-212,2.056954,2.235785,4.462391,4.645891,4.52889,1.437254,1.54549,1.568429,0.284589,0.290812,0.32078,2.273788,2.336454,2.288567,1.31662,1.583644,1.482912,0.361905,0.267541,0.297381
MAG-213,45.565643,63.188635,62.727711,65.514531,63.752583,10.816119,13.689654,13.709447,0.275841,0.281144,0.275196,27.375635,27.277984,25.189057,42.001681,48.612127,45.490341,0.216643,0.20476,0.192597
MAG-214,2.245942,2.518586,5.742045,5.803359,5.950312,1.084636,1.236994,1.278285,0.194727,0.212044,0.203861,2.423671,2.427443,2.387968,1.863509,2.451618,2.34648,0.246015,0.177715,0.211499
MAG-215,5.186176,5.583914,8.482281,8.85363,8.724338,2.051906,2.106261,2.21919,0.093963,0.092246,0.11763,3.514618,3.530445,3.330746,0.897976,1.07871,1.045234,0.14177,0.150938,0.158547
MAG-216,3.771346,4.463955,6.902512,7.150407,7.259255,4.042885,5.321294,5.417077,0.097783,0.120531,0.100126,2.734981,2.723008,2.710235,0.929623,1.29428,1.195836,0.085853,0.07911,0.107104
MAG-217,6.356701,5.320379,7.202115,8.078246,7.7224275,3.5144745,3.24926,3.23777,0.16141,0.164375,0.154276,2.246878,2.182485,2.128589,1.930109,2.658255,2.489591,0.164844,0.157692,0.189716
MAG-218,4.942402,3.420193,5.98058,6.671217,6.31695,1.643141,1.583643,1.630749,0.170124,0.187594,0.200432,2.029979,2.135749,2.048768,0.929174,1.174937,1.152105,0.135225,0.124046,0.153731
MAG-219,41.547507,30.942553,33.163133,36.574717,35.726482,2.937892,4.921037,4.82566,0.347648,0.343518,0.332641,4.127789,4.222963,3.991793,0.703774,0.843943,0.78354,0.193294,0.187611,0.213557
MAG-220,15.568097,18.789385,42.108064,44.683626,42.849816,7.484471,9.489643,9.710625,2.200024,2.22668,2.003044,33.170446,33.694543,31.795701,27.3032,36.555435,34.10722,8.476892,8.001533,8.480715
MAG-221,7.602533,4.88523,6.310191,7.550409,7.171676,2.042617,2.843768,2.711622,0.617048,0.757624,0.732284,1.251608,1.369817,1.289569,0.792852,1.096069,1.133258,0.154799,0.16841,0.200396
MAG-222,0.988827,1.20218,2.01731,2.039125,1.922032,0.541931,0.496556,0.536302,5.043807,4.534667,4.530573,0.976946,1.007197,0.978712,0.564458,0.661184,0.713935,107.62922,99.94584,103.188105
MAG-223,3.944061,6.983337,1.754334,2.05528,2.022554,0.310913,0.386816,0.369953,0,0,0,1.211577,1.0189745,0.8828,0.271579,0.34166,0.2852975,0,0,0
MAG-224,16.286559,43.890408,3.134885,3.435143,3.434272,0.149886,0.24459,0.286338,0.1178,0.111909,0.114544,0.171017,0.162903,0.178351,0.061347,0.119047,0.088052,0.037484,0.026886,0.031897
MAG-225,0,0,0,0,0,0,0,0,0,0,0,0,0,0,0,0,0,0,0,0
MAG-226,0,0.046825,0,0,0,0.026566,0.028166,0.035942,0,0,0,0,0,0,13.310228,9.934712,10.25125,0.027261,0.019106,0.020643
MAG-227,0.135447,1.322712,2.530552,2.467602,2.584762,0.551078,0.391886,0.419662,0.024962,0.018638,0.024702,3.002446,3.201106,3.306866,0.705717,0.631334,0.626679,0.02727,0.026696,0.019153
MAG-228,1.245526,1.299435,1.572504,1.828236,1.851223,1.591536,1.594102,1.634964,0.105564,0.10579,0.099669,0.327405,0.217747,0.208454,0.88892,1.425814,1.45574,0.211344,0.236938,0.209629
MAG-229,0.703932,2.252539,0.447286,0.388659,0.489132,0.237308,0.304207,0.302897,0.691555,0.682703,0.670183,8.230125,8.245213,7.808944,1.66449,2.152686,2.138011,0.745231,0.699586,0.727988
MAG-230,1.650146,1.520937,0.716158,0.860972,0.86655,0.690599,1.206677,1.185351,334.95526,387.967667,381.618045,0.782463,0.720231,0.698482,0.866792,1.798687,1.779514,0.718055,0.834364,0.971157
MAG-231,4.157274,3.321153,8.525874,9.367261,9.064894,4.775975,7.976617,7.748928,1.732168,2.062318,2.012982,6.733494,6.694957,6.209059,2.42314,4.01203,3.696751,0.744081,0.750528,0.845102
MAG-232,3.337725,2.111245,0.829059,0.974176,1.009377,0.170785,0.147917,0.155027,0,0,0,2.29092,2.3596555,2.253937,4.031794,5.290636,4.874334,1.324622,1.354645,1.48515
MAG-233,6.96607,1.995722,7.242449,8.152863,8.540959,1.488209,1.452799,1.453002,0.179902,0.163089,0.15261,0.101818,0.087011,0.112209,0.095003,0.139572,0.15339,0.013247,0,0
MAG-234,14.53421,3.052653,3.32209,4.886521,4.933292,0.248065,0.271761,0.265245,0,0,0,0.056602,0,0,0,0,0,0,0,0
MAG-235,38.943936,12.313221,8.678058,12.183722,11.814519,2.016361,2.286837,2.301863,0.610433,0.781475,0.785995,0.202859,0.192603,0.18001,0.320491,0.770874,0.7854,0.082969,0.113719,0.113864
MAG-236,14.371117,3.746686,3.493139,4.983019,4.886415,0.503042,0.58242,0.658688,0.1583675,0.204894,0.20191,0.0552455,0,0.072045,0.146679,0.25135,0.285828,0,0,0
MAG-237,0.080508,0.016388,2.752552,2.971381,2.976587,3.990692,5.360359,5.392552,0.592943,0.616899,0.604881,0.109127,0.1092055,0.101901,0.028604,0.041413,0.043057,0,0,0
MAG-238,0.7931,0.836643,0.438496,0.505109,0.438331,0.323835,0.341275,0.373222,0.204727,0.248292,0.226904,0.174626,0.176879,0.162266,8.447504,8.373495,8.004971,3.049952,2.9774,3.136242
MAG-239,3.613104,3.377547,3.285946,3.733464,3.534487,3.007376,3.609549,3.723461,1.393802,1.58932,1.506526,0.406507,0.387116,0.405124,0.349168,0.477973,0.498003,0.20988,0.20351,0.212432
MAG-240,0.907256,0.821176,2.240934,2.342293,2.356858,0.884504,1.224793,1.147919,0.660724,0.579801,0.58519,0,0,0,0.301702,0.344976,0.292575,0.137687,0.083868,0.107696
MAG-241,3.5132,5.661622,1.740749,1.77282,1.862037,0.637402,0.511684,0.534116,0.007144,0.007755,0.009993,2.863558,2.983559,2.894439,1.333941,1.975714,1.920274,8.012845,7.904848,7.708217
MAG-242,3.437675,2.168131,2.958107,3.197711,3.213094,1.1159,0.7748835,0.804624,0.051241,0,0.04331,2.054618,2.097994,2.058112,1.149764,1.464039,1.400235,0.144992,0.157414,0.15787
MAG-243,3.810612,2.672977,4.229111,4.216341,4.475133,14.231287,8.748012,9.107488,5.363878,4.784951,4.688574,1.877885,1.981882,1.95295,8.103356,9.481731,9.095774,0.219649,0.229923,0.198869
MAG-244,0.371628,0.295011,0.2527725,0.259655,0.267701,0.215053,0.141503,0.140143,0.058528,0.056928,0.058188,0.194142,0.187396,0.187993,0.252977,0.245553,0.232553,0.0077,0.010149,0
MAG-245,1.553831,0.740111,1.243787,0.930856,1.005501,0.247316,0.140054,0.135361,0.168446,0.182436,0.171252,0.478024,0.501125,0.47806,0.23954,0.189674,0.164739,0.022983,0.017079,0.02221
MAG-246,2.12071,1.068799,0.884448,0.74969,0.802103,0.025608,0,0,0.49295,0.499222,0.48946,0.744281,0.723354,0.725976,0.123115,0.070443,0,0.252327,0.252487,0.244618
MAG-247,0.77107,1.535778,5.557059,6.624181,6.597963,5.594426,8.375212,8.786006,5.773601,6.132255,6.224167,7.895682,8.893732,8.846498,8.639905,11.219358,11.314738,3.461972,3.672378,3.287924
MAG-248,1.876733,1.575782,6.014972,6.957573,7.121508,15.49671,21.452794,22.170417,10.237954,10.934368,11.261517,5.045036,5.481452,5.693153,3.942701,5.630248,5.574005,1.5098,1.813791,1.68958
MAG-249,2.158177,0.903881,1.63423,2.009371,2.118686,1.852271,2.613806,2.662297,2.262921,2.568791,2.751738,0.055051,0.050165,0.053733,0.022264,0.060054,0.073813,0.017373,0.021593,0.014384
MAG-250,3.300929,0.58636,1.318094,1.312849,1.449357,0,0,0,0,0,0,0,0,0,0,0,0,0,0,0
MAG-251,0.534943,0.108017,2.1679,1.856671,2.082714,2.669458,1.642944,1.737749,0,0,0,0.113284,0.072466,0.075029,0.070435,0.165495,0.131969,0,0,0
MAG-252,0.405971,0.406478,0.522651,0.581793,0.583523,0.415247,0.314418,0.318921,0.011218,0.020782,0.01426,0.177617,0.182911,0.191721,0.183786,0.184611,0.183632,0,0,0
MAG-253,0.379852,0.264275,1.811856,1.897374,1.936825,2.325704,2.694801,2.777474,0,0,0,0.271321,0.280365,0.276673,1.547609,2.245808,2.223155,0,0,0
MAG-254,4.05648,1.816509,6.076248,6.745892,6.810985,5.074483,5.151502,5.209614,0.141942,0.13197,0.153626,1.083686,1.121366,1.148294,4.894176,6.164929,6.135955,0.225309,0.24612,0.222015
MAG-255,0.049107,0.0232,0.048142,0.05085,0.057728,0.196863,0.214022,0.203227,0.034391,0,0,0,0,0,0,0,0,0,0,0
MAG-256,1.728698,1.577585,2.385347,2.512473,2.603365,1.791983,1.946933,1.974088,0.304632,0.322266,0.314344,0.511208,0.55895,0.536169,1.097094,1.824542,1.702805,0.18157,0.199581,0.216484
MAG-257,0.958896,0.158375,0.847666,1.152814,1.171831,2.356286,3.169487,3.328609,1.148842,1.326921,1.290576,0,0,0,0,0,0,0,0,0
MAG-258,0.005891,0.004437,0.014053,0.005207,0.008901,0.013218,0.008009,0.004778,0.001634,0.004425,0,0.002333,0.003153,0,0.010402,0.011718,0.002286,0,0.002044,0
MAG-259,0.03548,0.015807,0.010678,0.007969,0.011527,0.008403,0.008005,0.004238,0.005795,0.002528,0.007097,0.005953,0.008561,0.007713,0.005315,0.005578,0.003474,0.003592,0.003128,0.001257
MAG-260,0,0,0,0,0,0,0,0,0,0,0,0,0,0,0,0,0,0,0,0
MAG-261,2.2372905,1.229348,0.168371,0.241073,0.213899,0.088327,0,0,0,0,0,0.063587,0,0,0.228001,0.23568,0.203105,0.218423,0.2283255,0.249228
MAG-262,2.696445,1.603161,2.120442,1.857299,1.985193,1.120245,0.822174,0.82516,0.222309,0.243994,0.258292,0.3619515,0.31934,0.297523,0.468319,0.485628,0.494584,0.054767,0.053601,0.047133
MAG-263,0.848629,0.972715,1.934011,1.913694,2.039623,1.012958,0.786406,0.811613,0.826777,0.867438,0.86232,0.550087,0.565996,0.549924,0.384656,0.305023,0.305456,0.57702,0.69284,0.635278
MAG-264,0.285367,0.173419,0.373265,0.279804,0.31744,0.116929,0.068954,0.067651,0,0,0,0.037372,0.028805,0.039055,0.186273,0.17437,0.126383,0,0,0
MAG-265,0.273866,0.223394,0.597579,0.561173,0.609531,0.044795,0.030564,0.029246,0.008388,0.01883,0.022054,0.01554,0.013532,0.008871,0,0,0,0,0,0
MAG-266,0.108622,0,0.064482,0.072806,0.069674,0,0,0,0,0,0,0,0,0,0,0,0,0,0,0
MAG-267,0.495028,0.150364,0.974361,1.02819,1.134545,1.367429,0.855192,0.903655,0.130973,0.173511,0.162013,0.004129,0,0,0.141468,0.155251,0.160303,0,0,0
MAG-268,3.978387,1.19025,5.318372,6.151159,6.357109,7.532164,4.654298,4.873453,1.930031,2.263294,2.343406,0.010191,0.015398,0.010636,0.171394,0.193036,0.189957,0.002652,0.00707,0.003789
MAG-269,1.754706,0.618203,0.43082,0.501907,0.512736,0.162755,0.116969,0.092555,0,0,0,0,0,0,0,0,0,0,0,0
MAG-270,0.072862,0,0.706075,0.706236,0.765269,0.674045,0.4664455,0.54154,0.239085,0.217645,0.306615,0,0,0,0.105407,0.104733,0.101639,0,0,0
MAG-271,1.225647,0.911367,1.5200965,1.513582,1.659601,0.370228,0.25838,0.274914,0.025126,0.027775,0.039871,0,0,0,0.099369,0.097298,0.09681,0,0,0
MAG-272,4.840421,3.380244,8.058423,8.330437,9.119847,2.380142,1.535868,1.660654,0.408025,0.401029,0.446725,0.009084,0,0,0.380374,0.324242,0.313251,0.044884,0.039055,0.029555
MAG-273,0.270833,0.047495,0.23142,0.268137,0.322605,0.057369,0.040006,0.038037,0,0,0,0,0,0,0,0,0,0,0,0
MAG-274,0.054175,0.031315,0.284495,0.28818,0.288531,0.331347,0.342085,0.336575,0.003088,0.003644,0.003016,0.002713,0.000702,0,0.012306,0.010267,0.010658,0.001525,0,0.001557
MAG-275,3.918204,2.979053,1.471358,1.60255,1.64116,0.715717,0.663007,0.728972,0.068624,0.078485,0.065998,0.234806,0.233712,0.212953,0.365881,0.511658,0.500226,0.015446,0,0
MAG-276,2.718701,0.79764,1.227735,1.343647,1.384754,1.45138,1.034454,1.007287,0,0,0,0,0,0,0.066795,0.078402,0.090528,0,0,0
MAG-277,0.9577125,0.629166,2.0337915,2.092049,2.231144,2.482956,1.680215,1.771078,0.164829,0.20772,0.2118335,0.444839,0.464836,0.396311,0.560661,0.658747,0.696094,0,0,0
MAG-278,4.533245,3.999121,0.049162,0.042452,0.064604,0.010402,0.01137,0.004513,0.011252,0.006423,0.013654,0.014044,0.003357,0.00871,0.011482,0.014759,0.009191,0.004266,0.007064,0.002943
MAG-279,1.374776,0.238198,0.79765,1.003054,1.062098,0.030128,0.025618,0.058073,0,0,0,0,0,0,0,0.049877,0.060912,0,0,0
MAG-280,2.788165,3.684496,0.379393,0.46178,0.527569,0.015897,0.02556,0.028136,0.005498,0.010492,0.012854,0.006914,0.006213,0.007113,0.077644,0.174511,0.161498,0.031183,0.031642,0.036703
MAG-281,2.987035,35.763044,1.87932,2.204629,2.147566,0.059237,0.057545,0.071058,0.016509,0.043738,0.029514,0.296764,0.331784,0.313497,0.017208,0.028151,0.028525,0.005743,0.007341,0.008848
MAG-282,29.781415,20.912554,1.405118,1.743008,1.828411,0.021146,0.023353,0.033356,0.001901,0.004154,0.003512,0.008195,0.008275,0.009194,0.007076,0.012809,0.011032,0.005546,0,0.001124
MAG-283,4.827383,1.38683,0,0,0,0,0,0,0,0,0,0,0,0,0,0,0,0,0,0
MAG-284,6.690987,2.311019,6.7835,7.639439,7.876665,1.48357,1.181126,1.212495,0.267425,0.32597,0.327202,0.55358,0.627531,0.625996,0.332951,0.217786,0.197709,0.085774,0.086991,0.085977
MAG-285,32.7116424,13.4067624,50.6737008,54.9852168,56.749344,52.8221976,47.0365224,48.3908184,52.6377768,53.872332,54.396696,5.4026544,5.3358744,5.372928,11.3442864,22.2383352,22.3045248,2.4537864,2.8589184,2.7355056
MAG-286,16.9956072,16.5487176,41.3349504,45.8067096,47.8513224,100.6917192,81.5871768,86.1294,36.5715672,38.7800688,40.1332848,17.3523384,18.9286848,18.8032632,62.4716328,84.1349352,82.8345744,20.7322296,22.6213152,20.3120448
MAG-287,9.3386544,5.453976,14.6261664,17.0849352,17.6424456,12.1824288,10.5559512,10.8398544,5.122848,5.4586776,5.5907328,1.8728952,2.3067864,2.4137784,4.73574,7.489644,7.6049664,1.8135624,2.018976,1.9268568
MAG-288,5.542185,6.439612,3.820501,4.586327,4.683108,2.158978,2.507824,2.590309,1.648793,1.846257,1.863768,0.836022,0.869026,0.865101,1.368015,2.352941,2.402727,1.537482,1.856528,1.821821
MAG-289,81.4488816,99.175452,74.8820904,90.3017664,93.0621672,46.2852456,54.748764,56.8335888,30.51876,34.6428072,35.0201808,43.6626144,44.2483896,43.8306144,63.7588152,107.8618464,106.948188,64.2212472,79.0644936,74.877336
MAG-290,1.099713,0.286703,3.373152,3.524361,3.659816,3.243252,2.349788,2.478979,0.048932,0.036468,0.048853,0,0,0,1.328363,1.154671,1.125422,0.022262,0.02572,0.024184
MAG-291,0.147206,0.608841,0.213936,0.247283,0.267745,0.506373,0.574735,0.600373,0.077287,0.0697705,0.069929,1.675948,1.860559,1.8343255,0.996256,1.086552,1.094186,0,0,0
MAG-292,0.263215,0.155431,0.790246,0.812917,0.874216,4.743503,5.602786,5.857356,1.633273,1.695541,1.77057,0.02122,0.021294,0.028017,0.006772,0.011456,0.00913,0,0,0
MAG-293,0,0,0.660214,0.6863985,0.751756,0.425551,0.374456,0.391925,0.084741,0,0,0,0,0,0.120692,0.14656,0.150307,0,0,0
MAG-294,0.11742,0.092486,0.030522,0.033067,0.033666,0.010766,0.007841,0,0.005676,0,0,0.004336,0.01031,0.0093,0,0,0,0,0,0
MAG-295,0,0,0,0,0,0,0,0,0,0,0,0,0,0,0,0,0,0,0,0
MAG-296,0,0,0,0,0,0,0,0,0,0,0,0,0,0,0,0,0,0,0,0
MAG-297,0,0,0,0,0,0,0,0,0,0,0,0,0,0,0,0,0,0,0,0
MAG-298,2.920405,1.810286,0.380178,0.456647,0.481791,0,0,0,0,0,0,0,0,0,0,0,0,0,0,0
MAG-299,4.621204,0.871644,0.780195,0.892861,0.923371,0.057171,0.063083,0.082045,0,0,0,0,0,0,0.06701,0.066245,0.055172,0,0,0
MAG-300,0.714868,0.509377,1.743293,1.750306,1.842562,1.774894,1.868632,1.920055,0.076457,0.065732,0.078539,0.11821,0.132083,0.149087,0,0,0,0,0,0
MAG-301,2.844488,2.169778,2.05233,2.123314,2.345617,0.091419,0.081032,0.096179,0,0,0,0.081033,0.0966,0.111229,0,0,0,0,0,0
MAG-302,0.036464,0,0.044434,0.03332,0.028247,0.025203,0,0,6.049472,5.938007,6.295478,0,0,0,0.154309,0.123237,0.115292,2.159925,2.233099,2.0853865
MAG-303,7.009556,15.863253,0.160967,0.121921,0.133837,0,0,0,0,0,0,0.720294,0.753544,0.808975,0.011317,0.007795,0.006967,0,0,0
MAG-304,0.423749,0.216579,0.194286,0.15047,0.174415,0.658964,0.380712,0.389457,0,0,0,0,0,0,0.39084,0.256375,0.248473,0,0,0
MAG-305,0,0,0,0,0,0.052944,0,0,0.046303,0,0,0.460161,0.483282,0.530523,3.6283,2.365184,2.18265,1.100839,1.043453,0.9929495
MAG-306,4.032561,1.328624,3.996025,3.617228,3.835304,0.061265,0.035268,0.037284,0,0,0,0.002168,0.008087,0.003123,0.005438,0,0,0,0,0
MAG-307,0.127672,0.101826,0.064094,0.054017,0.064048,0,0,0,0,0,0,0,0,0,0,0,0,0,0,0
MAG-308,7.334121,1.115124,0.01729,0.015605,0.01772,0.007871,0.004219,0.004219,0.017503,0.017076,0.018146,0.009432,0.006642,0.00669,0.002872,0.002622,0.003156,0.009769,0.007689,0.00863
MAG-309,0.162801,0.237299,0,0,0,0,0,0,0,0,0,0,0,0,0,0,0,0,0,0
MAG-310,0,0,1.134541,1.140043,1.17356,2.4282,1.626855,1.706195,1.336532,1.35669,1.348645,0,0,0,0,0,0,0,0,0
MAG-311,266.478201,385.782487,7.511737,7.617197,7.601238,0.839965,0.744478,0.76189,0.45708,0.4867,0.465062,16.023711,17.770007,17.446496,2.156349,2.040322,2.044096,0.79265,0.724527,0.671891
MAG-312,0.540419,0.312277,0.435384,0.490967,0.484392,0.179617,0.16625,0.165815,0.074372,0.089788,0.089572,0.433476,0.454758,0.435202,11.317383,8.474135,7.983244,1.881474,1.726926,1.684134
MAG-313,13.347051,8.759136,21.144177,21.458011,21.439057,13.497437,9.856955,10.059727,6.087786,6.389643,6.002844,34.57495,37.527834,35.996578,12.531859,11.94263,10.925949,2.820796,2.872846,2.813047
MAG-314,8.382078,3.92355,5.85554,6.182892,6.451348,2.86244,2.237693,2.226197,1.30322,1.349038,1.30814,0.731112,0.787967,0.782246,6.584128,6.905417,6.605281,0.315159,0.290921,0.301483
MAG-315,4.483118,3.958435,11.096114,10.893547,10.956848,4.110818,3.118734,3.339388,3.030755,3.04753,3.160026,35.544818,38.929692,38.726452,1.72153,1.363909,1.412419,0.471849,0.470838,0.447866
MAG-316,0.803204,0.522023,19.054162,20.354727,20.481473,3.453076,3.128945,3.269775,1.066973,1.099349,1.155494,1.834952,1.860595,1.889501,0.597444,0.586239,0.609336,0.177272,0.199449,0.190257
MAG-317,0.116812,0.050419,0.125257,0.127429,0.140939,0.064424,0.061929,0.044404,0.035365,0.029896,0.041182,0.422077,0.359941,0.421363,21.960889,17.554185,17.01457,0.420508,0.388327,0.376709
MAG-318,0.190686,0.051798,0.829604,0.949493,0.897734,0.355626,0.3254365,0.297545,0.147346,0.117417,0.132909,0.159805,0.202753,0.185236,0.271399,0.224291,0.211726,0.067754,0.063584,0.048252
MAG-319,0.1912965,0.123142,0.7560975,0.763929,0.823056,0.190042,0.159683,0.143033,0.076696,0.09767,0.093464,40.6311435,45.035101,45.2454915,51.621723,47.401269,45.8186,15.796607,16.268988,15.392847
MAG-320,0,0,0,0,0,0,0,0,0,0,0,0,0,0,0,0,0,0,0,0
MAG-321,2.668098,1.071176,2.501338,2.436891,2.592922,0.580738,0.40804,0.384722,0.237504,0.257073,0.284748,0.047174,0.057183,0.048952,0.199854,0.166223,0.179643,0.065517,0.074698,0.060045
MAG-322,0,0,0.024369,0.015038,0,0.009359,0,0,0,0,0,0,0,0,0,0,0,0,0,0
MAG-323,0.016836,0.045495,0.007824,0.005066,0.005249,0.003046,0,0,0,0,0,0.012038,0.015388,0.014823,0.015019,0.010049,0.008585,0.021372,0.018179,0.015323
MAG-324,17.69891,15.870689,52.917729,51.662788,55.134831,7.165778,5.858217,6.044741,2.314376,2.329291,2.462776,11.151374,12.957381,13.723074,1.939903,1.886382,1.860964,0.003756,0.004288,0.007495
MAG-325,0.04491,0.009151,0.22286,0.242801,0.251026,0.230714,0.235876,0.244563,0.08107,0.090304,0.097969,0,0,0,0,0,0,0,0,0
MAG-326,2.183872,0.461806,1.938477,2.109547,2.219779,5.833516,4.726233,5.138185,1.527424,1.672143,1.76633,0.003111,0.005903,0.003872,0.6854,0.750346,0.70102,0.255835,0.282615,0.246497
MAG-327,6.919837,1.765089,1.775308,1.931369,2.222041,0.385109,0.378905,0.421017,0.164043,0.181871,0.186023,0.023923,0.021355,0.029727,0.032608,0.048122,0.034133,0.023637,0.020858,0.016447
MAG-328,0,0,0,0,0,0,0,0,0,0,0,0.16046,0.156747,0.168402,2.74382,1.800356,1.850523,0.195343,0.086489,0.118275
MAG-329,0.464087,0.142635,0.20465,0.224277,0.251051,0.395211,0.355559,0.366178,0.691061,0.677905,0.694802,0,0,0,0.101504,0.131454,0.155783,0,0,0
MAG-330,0.012845,0.014326,0.346938,0.317414,0.346948,7.388497,6.860078,7.306791,9.53298,9.70787,10.14486,0.174014,0.2061,0.21037,21.736704,16.784565,17.041648,6.019122,6.457659,5.447812
MAG-331,0.844707,2.453634,3.860693,3.556867,4.240741,0.083421,0.079999,0.096797,0.042646,0.03185,0.03323,8.659222,10.179809,11.043839,11.121893,9.746855,10.146629,2.423946,2.943559,2.439507
MAG-332,0.485823,1.608458,0.009681,0.010622,0.016509,0.009996,0.00967,0.014365,0.015653,0.013438,0.015012,0.005722,0.004569,0.006234,0.025831,0.018764,0.014323,0.005696,0.01031,0.007314
MAG-333,0.231629,0.086884,0.290422,0.266861,0.293022,7.786556,7.315086,7.862104,7.557205,7.345057,7.669601,0.057896,0.079947,0.076652,0.0101,0.011129,0.017226,0.003559,0.003498,0.007041
MAG-334,0.210813,0.831627,0,0,0,0,0,0,0,0,0,0,0,0,0,0,0,0,0,0
MAG-335,7.085645,7.985575,4.333086,3.928227,4.261159,0.537412,0.43856,0.492583,0.061745,0.045417,0.052735,0.155982,0.169246,0.203657,3.860838,2.452764,2.471361,0.307836,0.338296,0.285612
MAG-336,0,0,0,0,0,0,0,0,0,0,0,0,0,0,0,0,0,0,0,0
MAG-337,0.700638,1.236065,2.705801,2.582286,2.766408,0.517973,0.430928,0.426767,0.021278,0.016241,0.015895,0.065154,0.065287,0.074122,1.001308,0.720916,0.674653,0.016776,0.007945,0.01263
MAG-338,0,0,0,0,0,0.19005,0.119198,0.080495,0,0,0,0,0,0,0,0,0,0,0,0
MAG-339,0.563342,0.411048,0,0,0,0.371236,0.31947,0.315626,6.144682,5.550198,5.966694,0,0,0,0,0,0,0,0,0
MAG-340,0.011468,0.016268,0.012093,0.005483,0.009713,0.005232,0.004919,0.002496,0.010414,0.011608,0.012646,0.014633,0.01611,0.014853,0.100836,0.115769,0.094619,126.644964,133.444312,110.429759
MAG-341,12.956382,21.850889,2.219654,2.107511,2.197273,5.02265,3.613218,3.826463,0.009644,0.013838,0.010507,0.894194,0.967992,1.040936,120.359959,92.889258,92.571524,0.059496,0.044844,0.034083
MAG-342,0.102703,0.110983,0.194879,0.215939,0.228254,0.687134,0.466502,0.463228,27.103939,29.02863,30.643128,0.175402,0.196846,0.206533,0.054122,0.054168,0.051927,0.02924,0.046699,0.032546
MAG-343,2.104143,3.009791,0.395761,0.409899,0.397519,0.237969,0.17341,0.179547,1.091112,1.157421,1.190061,5.567833,6.628034,7.181784,0.429688,0.270408,0.302431,0.15799,0.153275,0.111865
MAG-344,19.034077,16.229261,16.872393,17.064773,18.197584,27.947473,19.252738,20.287864,74.177611,77.757444,83.5324,30.301994,35.559351,38.106886,98.929986,64.536956,62.874095,37.890171,39.77127,33.762555
MAG-345,0.021584,0.010989,0.013385,0.030204,0.017739,0.037329,0.020634,0.019878,14.999862,14.842416,14.885761,0.022614,0.039751,0.02792,0.24761,0.161184,0.1494,0.032156,0.032677,0.039158
MAG-346,0.106676,0.285145,0.421817,0.398701,0.412085,5.499657,3.730865,3.980482,42.836715,43.182759,45.429954,3.921868,4.628915,4.797138,36.491916,24.108768,23.921596,14.137494,15.674643,13.722777
MAG-347,10.99135,20.310397,5.04296,5.001438,5.231612,4.214145,2.809989,2.917927,4.299887,4.52466,4.644392,57.573005,65.870311,67.706243,14.051618,8.875612,8.410475,7.603942,7.842805,6.961267
MAG-348,10.843487,12.533327,7.486822,7.320536,7.687792,17.486169,11.220327,11.704166,57.128175,58.482299,60.025799,1.992189,2.332136,2.411678,0.186671,0.171888,0.16098,0.235865,0.126034,0.10322
MAG-349,2.099003,2.853998,2.142571,2.106913,2.193903,6.911812,5.750922,6.024272,77.809651,81.252869,86.580828,0.499947,0.600921,0.586791,0.200579,0.184721,0.187312,0.06753,0.083348,0.070952
MAG-350,28.80442,39.7684535,7.066113,7.743571,8.355367,10.34629,8.6153865,8.969684,55.925527,59.411579,63.832671,12.918957,14.877898,15.905985,9.478981,7.865717,7.687676,2.443334,2.688566,2.267556
MAG-351,13.178211,25.93393,25.57686,25.957319,27.36431,20.895098,14.029498,14.357209,7.616074,8.248554,8.28355,33.939863,39.65231,42.091322,24.74473,16.515072,16.048302,2.374479,2.513745,2.176976
MAG-352,0.006571,0.011197,0.047379,0.043606,0.056614,3.59854,2.239239,2.288955,64.610025,68.274006,70.772657,0.10779,0.104065,0.119488,0.319041,0.212536,0.207556,0.050417,0.063553,0.059684
MAG-353,0.117962,0,0,0,0,0,0,0,0,0,0,0,0,0,0,0,0,0,0,0
MAG-354,1.891864,1.334361,1.7397,1.615555,1.761503,0.121432,0.085166,0.074772,0.00685,0.011094,0.004123,0.676063,0.683463,0.682229,0.661391,0.59794,0.584364,0.007378,0.004714,0.002795
MAG-355,2.183421,10.441443,0.216608,0.164961,0.162369,0,0,0,0,0,0,0,0,0,0,0,0,0,0,0
MAG-356,2.48576,1.179875,3.872706,3.315323,3.505156,0.189067,0.14152,0.154347,0.02745,0.033003,0.033273,5.410512,6.240728,6.667432,0.80031,0.674677,0.653742,0.154058,0.185836,0.147933
MAG-357,0.010172,0.005236,0.004911,0.008244,0.003274,0.002159,0.001775,0.005608,0,0.006161,0.003645,0.001826,0.007388,0.001329,0.006781,0.001731,0.005218,0.002532,0.004038,0.003777
MAG-358,6.022186,11.486583,7.728015,7.031329,7.624765,5.054438,3.237604,3.386631,0,0,0,2.332759,2.148752,2.155606,8.457083,5.846549,5.532184,0.005084,0,0
MAG-359,5.329536,1.601052,3.215385,2.800957,3.036773,0.138539,0.061485,0.074636,0,0,0,1.151245,1.152897,1.18265,0.434087,0.353156,0.316765,0,0,0
MAG-360,1.414871,0.535841,2.773154,2.47523,2.683597,0.86366,0.500727,0.50555,0,0,0,0.346101,0.288526,0.288836,0.094871,0.061451,0.067585,0,0,0
MAG-361,10.7370245,8.498307,5.871846,5.004338,5.37236,0.059327,0,0,0,0,0,7.844821,8.762002,8.939331,0.697875,0.507636,0.502889,0,0,0
MAG-362,0.092211,0.020738,2.292097,1.809392,1.980486,0.883296,0.509114,0.562242,0,0,0,0.03719,0.033035,0.029239,0.149291,0.108015,0.093447,0.005386,0,0
MAG-363,1.686088,0.515078,4.068652,3.859053,4.159722,2.55496,1.610237,1.673766,0.271371,0.300811,0.307805,0.691257,0.609407,0.621804,0.227696,0.195492,0.182814,0,0,0.003969
MAG-364,2.775785,1.469992,14.748996,12.767375,13.752546,10.35544,6.307194,6.608933,0,0,0,8.546142,8.892105,8.87647,0.363822,0.274201,0.210242,0,0,0
MAG-365,1.611134,0.636859,0.506906,0.436048,0.487081,0.129049,0,0,0,0,0,0.0940505,0,0,0,0,0,0,0,0
MAG-366,1.869139,0.517636,0,0,0,0,0,0,0,0,0,0.151814,0.117084,0.113272,0,0,0,0,0,0
MAG-367,1.57567,3.137718,3.791096,3.54734,3.802949,4.24246,2.507893,2.580666,0.044544,0.047075,0.064489,1.812361,2.042351,2.276297,64.255084,33.860453,33.447252,0.214915,0.119479,0.093449
MAG-368,2.548676,23.228302,8.228088,7.139167,7.777357,11.144133,6.790931,7.002602,0.032557,0.024979,0.027779,0.008522,0.010066,0.017591,5.918792,3.49386,3.525279,0.020003,0.020973,0.019199
MAG-369,0.167913,0.535721,0.006981,0.006704,0.005585,0.00634,0.004331,0.004584,0.003135,0.008033,0.013054,0.000871,0,0.003244,0.001316,0,0,0.004977,0.005469,0.003729
MAG-370,0.024615,0.016207,0.01407,0.007593,0.011728,0.017158,0.019722,0.016152,0.006312,0.018205,0.017578,0.004903,0.008588,0.01054,0.010601,0.012795,0.020569,0.008708,0.018517,0.010831
MAG-371,5.230692,2.847317,2.758697,2.448751,2.571937,0.54766,0.314062,0.350945,0,0,0,4.875634,5.537707,5.948981,0,0,0,0,0,0
MAG-372,6.259995,9.700162,0.320227,0.335588,0.355563,0.014151,0.011325,0.014871,0,0,0,0.007328,0.010095,0.013162,0.010428,0.009927,0.004586,0,0,0
MAG-373,0.026337,0.024509,0.022151,0.020729,0.020019,0.027913,0.022847,0.03414,0.020281,0.021327,0.016545,0.005548,0.008398,0.008242,0.022559,0.019985,0.016283,92.00391,96.14299,80.707217
MAG-374,0.016896,0.015982,0.024329,0.017865,0.019313,0.03701,0.030778,0.045376,0.013476,0.01364,0.019434,0.006021,0.005392,0.005781,0.068037,0.075076,0.086017,63.856255,74.968948,63.692524
MAG-375,0.542996,0.222472,3.096708,3.267791,3.400663,8.945687,8.177905,8.524573,2.412136,2.333603,2.426374,0,0,0,0.12865,0.16775,0.141412,2.682008,2.680567,2.385907
MAG-376,0,0,0,0,0,0,0,0,1.725076,1.597595,1.702172,0,0,0,0,0,0,3.288927,3.36627,3.025514
MAG-377,2.674931,0.689187,1.401349,1.567441,1.648664,0.862653,0.821893,0.844009,1.571615,1.703486,1.788445,0,0,0,0,0,0,0,0,0
MAG-378,0.40961,0.137043,0.234596,0.263528,0.277084,0.419725,0.329477,0.366021,0.181773,0.201822,0.234068,0.014111,0.020156,0.01937,0.075863,0.100021,0.090899,0.033838,0.030904,0.033076
MAG-379,5.831303,2.791813,3.533595,3.714094,4.057512,4.211103,3.360099,3.660743,2.998543,3.150435,3.401185,0.103981,0.10499,0.111171,0.514713,0.587305,0.599886,0.10766,0.138527,0.109842
MAG-380,0,0,0,0,0,0.070626,0,0,0,0,0,0,0,0,0,0,0,0,0,0
MAG-381,10.019566,7.405522,20.398537,21.532352,22.871229,29.249675,27.463351,28.888517,5.210833,5.709433,6.166715,10.220724,11.226769,11.600667,10.020397,12.434325,12.307829,0.397565,0.450198,0.396739
MAG-382,7.341167,9.787571,2.274957,2.373581,2.465502,4.93891,5.181133,5.42053,1.831308,1.76905,1.819074,1.143101,1.35195,1.466828,8.277932,7.398481,7.664044,2.647092,2.756439,2.501994
MAG-383,0.225656,0.170744,0.214023,0.249177,0.234464,0.498106,0.519227,0.552253,0.245599,0.261225,0.278195,0.031886,0.048991,0.047679,0.175943,0.161379,0.177311,0.059395,0.074113,0.063464
MAG-384,3.946708,3.3651,3.042652,2.441642,2.598623,2.780259,2.360318,2.557814,2.826111,2.792514,2.971484,0.265732,0.301113,0.324142,0.298517,0.3281375,0.325759,0.426738,0.520417,0.411394
MAG-385,0.158557,0.190184,1.214001,1.2472625,1.338477,9.857282,10.1430775,10.5697905,0.934179,0.850308,0.879586,0.238613,0.220104,0.236204,3.881359,4.932074,5.133014,0.6642345,0.769473,0.701215
MAG-386,0.135439,0.078704,0.017567,0,0.01856,0,0,0,0.066474,0.090691,0.095499,0,0,0,0.018598,0,0,10.407457,10.924204,9.477588
MAG-387,0.768363,0.225012,1.836896,2.075153,2.179264,3.024422,3.630708,3.860136,2.475984,2.738143,2.797935,0,0,0.004251,0.049666,0.077861,0.089691,0.019884,0.033593,0.028557
MAG-388,23.556478,9.647593,44.698834,47.691442,49.287544,186.162754,193.242384,202.006537,142.324999,148.70433,154.299276,3.325758,3.440273,3.530848,17.140087,20.470233,20.856896,1.733487,1.964991,1.775433
MAG-389,0.52849,0.568609,0.76678,0.889785,1.020641,0.989739,0.976429,1.057316,0.029598,0.036095,0.033901,0.312009,0.266168,0.284516,1.402965,1.686146,1.798175,0.019466,0.027566,0.022163
MAG-390,0.013027,0.013656,0.007964,0.00879,0.00711,0.007491,0.006299,0.005416,0.009643,0.00861,0.011632,0.009204,0.009039,0.006549,0.004964,0.005294,0.011442,63.481577,66.146459,55.985669
MAG-391,0,0,0,0,0,0,0,0,0,0,0,0,0,0,0,0,0,5.768141,6.026335,5.354084
MAG-392,0.012809,0.009663,0.008545,0.007676,0.007155,0.009267,0.017978,0.01339,0.013918,0.018064,0.014518,0.005583,0.006055,0.003062,0.010934,0.005261,0.00724,0.008568,0.003725,0.00618
MAG-393,0,0,0,0,0,0,0,0,0,0,0,0,0,0,0,0,0,0,0,0
MAG-394,0.007339,0,0.002907,0,0,0.007311,0,0,0,0,0,0,0,0,0,0,0,0,0,0
MAG-395,0.673803,0.215573,0,0,0,0.559331,0.763385,0.793293,0,0,0,0,0,0,0,0,0,0,0,0
MAG-396,1.307979,3.910325,0.016925,0.012857,0.012308,0,0,0,0,0,0,0.005903,0.004507,0,0.003374,0.007318,0,0.002854,0,0
MAG-397,0.036444,0.034367,0.133002,0.114892,0.11323,0.185096,0.158712,0.179135,0.0495,0.048706,0.048208,0.103191,0.116234,0.104876,7.06855,4.388538,4.124689,0.625272,0.59986,0.522093
MAG-398,3.480876,8.294552,0.362634,0.359943,0.389857,0.552437,0.477608,0.49795,0.16878,0.149089,0.15074,1.957234,2.279603,2.520026,0.012747,0.00378,0.00925,0.006421,0,0
MAG-399,0,0.059158,0,0,0,0,0,0,0,0,0,4.6385935,5.263454,5.38665,0,0,0,0,0,0
MAG-400,1.172742,0.169655,6.180711,6.756606,6.989976,1.22214,1.341675,1.442555,0.538996,0.564458,0.590119,0,0,0,0.157168,0.190642,0.18653,0.084885,0.086154,0.063622
MAG-401,0.626407,1.880214,0.200547,0.188741,0.189128,0.009794,0.011125,0.015404,0.004521,0.004928,0.005148,0,0,0,0,0,0,0,0,0
MAG-402,0.019611,0.003546,2.326338,2.393023,2.549715,2.201553,2.198535,2.324596,0.305074,0.254779,0.280704,10.406715,12.111093,12.847178,0.117763,0.106632,0.098897,0.023822,0.023975,0.024069
MAG-403,14.018402,11.555077,0.853935,0.981529,1.023753,0.0562,0.062606,0.057291,0.02955,0.021868,0.026896,0.062308,0.069453,0.076671,0.027972,0.035459,0.029928,0.008471,0.006137,0.007067
