n_per_group,scenario_index,mode,effect_level,num_swaps,power,true_omega2,mean_boot_omega2,failed_bootstraps,search_stage
2,0,dilution,-2.3025850929940455,,0.0,0.0,0.10320712549829228,0,coarse
2,1,dilution,-2.2714690782238556,,0.0,0.0,0.10722939514780308,0,coarse
2,2,dilution,-2.240353063453666,,0.0,0.0,0.17200798413866267,0,coarse
2,3,dilution,-2.2092370486834763,,0.0,0.0,0.17956789597395983,0,coarse
2,4,dilution,-2.1781210339132864,,0.0,0.0,0.17248771610772198,0,coarse
2,5,dilution,-2.1470050191430965,,0.0,0.0,0.21329028221947016,0,coarse
2,6,dilution,-2.1158890043729066,,0.0,0.0,0.21885754921049685,0,coarse
2,7,dilution,-2.0847729896027167,,0.0,0.0,0.13593384325060665,0,coarse
2,8,dilution,-2.0536569748325273,,0.0,0.0,0.12406671390809394,0,coarse
2,9,dilution,-2.0225409600623374,,0.0,0.0,0.17398557422082198,0,coarse
2,10,dilution,-1.9914249452921475,,0.0,0.0,0.19939589521025017,0,coarse
2,11,dilution,-1.9603089305219576,,0.0,0.0,0.15571269735764715,0,coarse
2,12,dilution,-1.929192915751768,,0.0,0.0,0.164040235344605,0,coarse
2,13,dilution,-1.898076900981578,,0.0,0.0,0.10269085388371944,0,coarse
2,14,dilution,-1.8669608862113882,,0.0,0.0,0.25133077860475916,0,coarse
2,15,dilution,-1.8358448714411986,,0.0,0.0,0.17271143911035464,0,coarse
2,16,dilution,-1.8047288566710087,,0.0,0.0,0.17977490940038135,0,coarse
2,17,dilution,-1.7736128419008188,,0.0,0.0,0.23061190351355612,0,coarse
2,18,dilution,-1.7424968271306291,,0.0,0.0,0.13080579804107242,0,coarse
2,19,dilution,-1.7113808123604393,,0.0,0.0,0.12391693260612918,0,coarse
2,20,dilution,-1.6802647975902494,,0.0,0.0,0.13656180595807876,0,coarse
2,21,dilution,-1.6491487828200597,,0.0,0.0,0.1352950419410077,0,coarse
2,22,dilution,-1.6180327680498698,,0.0,0.0,0.1513731517639961,0,coarse
2,23,dilution,-1.58691675327968,,0.0,0.0,0.17955794550291593,0,coarse
2,24,dilution,-1.5558007385094903,,0.0,0.0,0.15925293551874983,0,coarse
2,25,dilution,-1.5246847237393004,,0.0,0.0,0.17893566997448004,0,coarse
2,26,dilution,-1.4935687089691108,,0.0,0.0,0.17440227248076423,0,coarse
2,27,dilution,-1.4624526941989209,,0.0,0.0,0.18152411665915605,0,coarse
2,28,dilution,-1.431336679428731,,0.0,0.0,0.23921604214295772,0,coarse
2,29,dilution,-1.4002206646585413,,0.0,0.0,0.12472709297010579,0,coarse
2,30,dilution,-1.3691046498883515,,0.0,0.0,0.16694232433282705,0,coarse
2,31,dilution,-1.3379886351181616,,0.0,0.0,0.17305804719275758,0,coarse
2,32,dilution,-1.306872620347972,,0.0,0.0,0.2446514201730357,0,coarse
2,33,dilution,-1.275756605577782,,0.0,0.0019714858345666114,0.15870878617826908,0,coarse
2,34,dilution,-1.2446405908075922,,0.0,0.005284604731185878,0.19836611194882459,0,coarse
2,35,dilution,-1.2135245760374025,,0.0,0.008786380713526675,0.22699565169897956,0,coarse
2,36,dilution,-1.1824085612672126,,0.0,0.012486023539912206,0.23939312634397944,0,coarse
2,37,dilution,-1.1512925464970227,,0.0,0.016393003411842844,0.16761206782724514,0,coarse
2,38,dilution,-1.120176531726833,,0.0,0.02051703361907035,0.21103576484278178,0,coarse
2,39,dilution,-1.0890605169566432,,0.0,0.024868049235126283,0.20887401428195923,0,coarse
2,40,dilution,-1.0579445021864533,,0.0,0.02945618149984715,0.22172052433881567,0,coarse
2,41,dilution,-1.0268284874162636,,0.0,0.034291727523868124,0.2485402128294703,0,coarse
2,42,dilution,-0.9957124726460738,,0.0,0.0393851149547902,0.24738095965792714,0,coarse
2,43,dilution,-0.964596457875884,,0.0,0.044746861257020314,0.2945537981593155,0,coarse
2,44,dilution,-0.9334804431056941,,0.0,0.05038752727850912,0.2335483870573487,0,coarse
2,45,dilution,-0.9023644283355043,,0.0,0.05631766480904277,0.21409682065850316,0,coarse
2,46,dilution,-0.8712484135653146,,0.0,0.06254775787787022,0.28869442290816116,0,coarse
2,47,dilution,-0.8401323987951247,,0.0,0.06908815759456785,0.23271059601261895,0,coarse
2,48,dilution,-0.8090163840249349,,0.0,0.07594901040741865,0.25913080618525414,0,coarse
2,49,dilution,-0.7779003692547451,,0.0,0.08314017973934658,0.2309795436158285,0,coarse
2,50,dilution,-0.7467843544845554,,0.0,0.09067116106343841,0.2945098330368782,0,coarse
2,51,dilution,-0.7156683397143655,,0.0,0.0985509905988278,0.30496174322884434,0,coarse
2,52,dilution,-0.6845523249441757,,0.0,0.10678814794328892,0.24751534881226944,0,coarse
2,53,dilution,-0.653436310173986,,0.0,0.11539045311083124,0.31432110631559,0,coarse
2,54,dilution,-0.6223202954037961,,0.0,0.12436495860975107,0.292425319093471,0,coarse
2,55,dilution,-0.5912042806336063,,0.0,0.13371783737709678,0.35387483360418076,0,coarse
2,56,dilution,-0.5600882658634165,,0.0,0.14345426757656027,0.3321246457057417,0,coarse
2,57,dilution,-0.5289722510932267,,0.0,0.15357831546473924,0.31619593934595014,0,coarse
2,58,dilution,-0.4978562363230369,,0.0,0.16409281773080098,0.3610461493015417,0,coarse
2,59,dilution,-0.46674022155284706,,0.0,0.17499926491117263,0.33486622804676514,0,coarse
2,60,dilution,-0.4356242067826573,,0.0,0.18629768766735824,0.34759772466581795,0,coarse
2,61,dilution,-0.40450819201246746,,0.0,0.19798654788387657,0.40842855844719284,0,coarse
2,62,dilution,-0.3733921772422777,,0.0,0.21006263668656605,0.38243597115801875,0,coarse
2,63,dilution,-0.34227616247208786,,0.0,0.2225209815905683,0.36370357001577786,0,coarse
2,64,dilution,-0.31116014770189804,,0.0,0.2353547650536356,0.38019422176204615,0,coarse
2,65,dilution,-0.28004413293170827,,0.0,0.24855525672576018,0.3587592920618936,0,coarse
2,66,dilution,-0.24892811816151844,,0.0,0.26211176164300953,0.4237875780664448,0,coarse
2,67,dilution,-0.21781210339132864,,0.0,0.27601158650566704,0.40917825477013425,0,coarse
2,68,dilution,-0.18669608862113884,,0.0,0.29024002600392274,0.38542611600946136,0,coarse
2,69,dilution,-0.15558007385094902,,0.0,0.30478037090622473,0.42703349798127915,0,coarse
2,70,dilution,-0.12446405908075922,,0.0,0.3196139393065501,0.45014384605388413,0,coarse
2,71,dilution,-0.09334804431056942,,0.0,0.33472013204082873,0.5042791435574961,0,coarse
2,72,dilution,-0.06223202954037961,,0.0,0.35007651283632724,0.46397962178156604,0,coarse
2,73,dilution,-0.031116014770189805,,0.0,0.3656589132610395,0.4728258578856742,0,coarse
2,74,enhancement,0.0,,0.0,0.3814415620061713,0.48612426483905075,0,coarse
2,75,enhancement,0.04780325383172036,,0.0,0.40601552224107207,0.48623196250017203,0,coarse
2,76,enhancement,0.09560650766344073,,0.0,0.4308931852342534,0.4836493831010115,0,coarse
2,77,enhancement,0.1434097614951611,,0.0,0.45596483074851724,0.5292641409099634,0,coarse
2,78,enhancement,0.19121301532688145,,0.0,0.48111724452782534,0.5751014947499858,0,coarse
2,79,enhancement,0.2390162691586018,,0.0,0.5062357455316912,0.5824389781597801,0,coarse
2,80,enhancement,0.2868195229903222,,0.0,0.5312062694474684,0.6319439782085348,0,coarse
2,81,enhancement,0.33462277682204256,,0.0,0.555917428495578,0.6451684247404199,0,coarse
2,82,enhancement,0.3824260306537629,,0.0,0.580262469095677,0.6378347871544079,0,coarse
2,83,enhancement,0.43022928448548325,,0.0,0.6041410555915422,0.6716776764337992,0,coarse
2,84,enhancement,0.4780325383172036,,0.0,0.6274608192884612,0.6576715197003495,0,coarse
2,85,enhancement,0.525835792148924,,0.0,0.6501386264816367,0.7046886722086794,0,coarse
2,86,enhancement,0.5736390459806444,,0.0,0.6721015356239028,0.6939546351652934,0,coarse
2,87,enhancement,0.6214422998123648,,0.0,0.6932874308742507,0.745159247208746,0,coarse
2,88,enhancement,0.6692455536440851,,0.0,0.713645335632191,0.7792035553132735,0,coarse
2,89,enhancement,0.7170488074758055,,0.0,0.7331354241532131,0.765020843098265,0,coarse
2,90,enhancement,0.7648520613075258,,0.0,0.7517287611201425,0.7864141431957354,0,coarse
2,91,enhancement,0.8126553151392462,,0.0,0.7694068076283155,0.7793039945244632,0,coarse
2,92,enhancement,0.8604585689709665,,0.0,0.786160737290415,0.8109211987551171,0,coarse
2,93,enhancement,0.9082618228026869,,0.0,0.8019906082428395,0.830573609576904,0,coarse
2,94,enhancement,0.9560650766344072,,0.0,0.8169044361334042,0.8407449835579984,0,coarse
2,95,enhancement,1.0038683304661276,,0.0,0.830917210231329,0.835379449443451,0,coarse
2,96,enhancement,1.051671584297848,,0.0,0.8440498902323867,0.8552439875462501,0,coarse
2,97,enhancement,1.0994748381295683,,0.0,0.8563284157387397,0.8639114261877822,0,coarse
2,98,enhancement,1.1472780919612888,,0.0,0.867782754322169,0.8742967443447904,0,coarse
2,99,enhancement,1.1950813457930092,,0.0,0.8784460079889902,0.8924251767443875,0,coarse
2,100,enhancement,1.2428845996247295,,0.0,0.888353592106905,0.904422528269767,0,coarse
2,101,enhancement,1.2906878534564499,,0.0,0.8975424956728466,0.8955885685466296,0,coarse
2,102,enhancement,1.3384911072881702,,0.0,0.906050627342502,0.913441461426521,0,coarse
2,103,enhancement,1.3862943611198906,,0.0,0.9139162479693794,0.9233556482473263,0,coarse
10,0,dilution,-2.3025850929940455,,0.06,0.0,0.011219138100723778,0,coarse
10,1,dilution,-2.2714690782238556,,0.015,0.0,0.004226986474222663,0,coarse
10,2,dilution,-2.240353063453666,,0.105,0.0,0.019116805598615418,0,coarse
10,3,dilution,-2.2092370486834763,,0.09,0.0,0.009776402981130304,0,coarse
10,4,dilution,-2.1781210339132864,,0.055,0.0,0.012132593209269339,0,coarse
10,5,dilution,-2.1470050191430965,,0.06,0.0,0.015743898323814415,0,coarse
10,6,dilution,-2.1158890043729066,,0.06,0.0,0.010636005193644396,0,coarse
10,7,dilution,-2.0847729896027167,,0.08,0.0,0.012096749008745038,0,coarse
10,8,dilution,-2.0536569748325273,,0.095,0.0,0.023081811953068892,0,coarse
10,9,dilution,-2.0225409600623374,,0.08,0.0,0.016016220534435664,0,coarse
10,10,dilution,-1.9914249452921475,,0.085,0.0,0.016080644031728895,0,coarse
10,11,dilution,-1.9603089305219576,,0.095,0.0,0.021420508234506967,0,coarse
10,12,dilution,-1.929192915751768,,0.09,0.0,0.020893758323278652,0,coarse
10,13,dilution,-1.898076900981578,,0.105,0.0,0.017552646720115427,0,coarse
10,14,dilution,-1.8669608862113882,,0.125,0.0,0.0312121409146694,0,coarse
10,15,dilution,-1.8358448714411986,,0.08,0.0,0.024109401661317375,0,coarse
10,16,dilution,-1.8047288566710087,,0.085,0.0,0.023283464394973107,0,coarse
10,17,dilution,-1.7736128419008188,,0.13,0.0,0.04105382452279919,0,coarse
10,18,dilution,-1.7424968271306291,,0.115,0.0,0.021203661456412455,0,coarse
10,19,dilution,-1.7113808123604393,,0.15,0.0,0.03967658978240346,0,coarse
10,20,dilution,-1.6802647975902494,,0.12,0.0,0.030992330506381296,0,coarse
10,21,dilution,-1.6491487828200597,,0.075,0.0,0.025430537132661347,0,coarse
10,22,dilution,-1.6180327680498698,,0.1,0.0,0.03275345967062962,0,coarse
10,23,dilution,-1.58691675327968,,0.105,0.0,0.03699821306378638,0,coarse
10,24,dilution,-1.5558007385094903,,0.115,0.0,0.03296797471242103,0,coarse
10,25,dilution,-1.5246847237393004,,0.145,0.0,0.04301171928418166,0,coarse
10,26,dilution,-1.4935687089691108,,0.085,0.0,0.034656479292677976,0,coarse
10,27,dilution,-1.4624526941989209,,0.155,0.0,0.04517266437000442,0,coarse
10,28,dilution,-1.431336679428731,,0.19,0.0,0.06174178648432299,0,coarse
10,29,dilution,-1.4002206646585413,,0.18,0.0,0.060456049106809504,0,coarse
10,30,dilution,-1.3691046498883515,,0.085,0.0,0.04377601202177853,0,coarse
10,31,dilution,-1.3379886351181616,,0.115,0.0,0.04348539697710505,0,coarse
10,32,dilution,-1.306872620347972,,0.17,0.0,0.06615714416457746,0,coarse
10,33,dilution,-1.275756605577782,,0.14,0.0019714858345666114,0.0635725485720335,0,coarse
10,34,dilution,-1.2446405908075922,,0.235,0.005284604731185878,0.07151140628474643,0,coarse
10,35,dilution,-1.2135245760374025,,0.24,0.008786380713526675,0.07218875620334958,0,coarse
10,36,dilution,-1.1824085612672126,,0.18,0.012486023539912206,0.07103585195256552,0,coarse
10,37,dilution,-1.1512925464970227,,0.185,0.016393003411842844,0.06979531181370635,0,coarse
10,38,dilution,-1.120176531726833,,0.235,0.02051703361907035,0.07748400183813406,0,coarse
10,39,dilution,-1.0890605169566432,,0.32,0.024868049235126283,0.09408389897833498,0,coarse
10,40,dilution,-1.0579445021864533,,0.25,0.02945618149984715,0.08411842966073557,0,coarse
10,41,dilution,-1.0268284874162636,,0.345,0.034291727523868124,0.09864959041505258,0,coarse
10,42,dilution,-0.9957124726460738,,0.32,0.0393851149547902,0.09430520125608854,0,coarse
10,43,dilution,-0.964596457875884,,0.33,0.044746861257020314,0.10553795284198259,0,coarse
10,44,dilution,-0.9334804431056941,,0.38,0.05038752727850912,0.1120884452173986,0,coarse
10,45,dilution,-0.9023644283355043,,0.39,0.05631766480904277,0.1123437994477968,0,coarse
10,46,dilution,-0.8712484135653146,,0.48,0.06254775787787022,0.13253442999652867,0,coarse
10,47,dilution,-0.8401323987951247,,0.485,0.06908815759456785,0.13259322559025097,0,coarse
10,48,dilution,-0.8090163840249349,,0.49,0.07594901040741865,0.128480363026635,0,coarse
10,49,dilution,-0.7779003692547451,,0.54,0.08314017973934658,0.13793497045258257,0,coarse
10,50,dilution,-0.7467843544845554,,0.6,0.09067116106343841,0.15509757956776796,0,coarse
10,51,dilution,-0.7156683397143655,,0.68,0.0985509905988278,0.15578023238904903,0,coarse
10,52,dilution,-0.6845523249441757,,0.715,0.10678814794328892,0.1707604242777589,0,coarse
10,53,dilution,-0.653436310173986,,0.68,0.11539045311083124,0.17363859501165713,0,coarse
10,54,dilution,-0.6223202954037961,,0.775,0.12436495860975107,0.18357005670021947,0,coarse
10,55,dilution,-0.5912042806336063,,0.765,0.13371783737709678,0.19556430145363093,0,coarse
10,56,dilution,-0.5600882658634165,,0.84,0.14345426757656027,0.20050322220131264,0,coarse
10,57,dilution,-0.5289722510932267,,0.87,0.15357831546473924,0.2033145608584494,0,coarse
10,58,dilution,-0.4978562363230369,,0.87,0.16409281773080098,0.21743444717507998,0,coarse
10,59,dilution,-0.46674022155284706,,0.895,0.17499926491117263,0.23833579201053887,0,coarse
10,60,dilution,-0.4356242067826573,,0.91,0.18629768766735824,0.22890724430796347,0,coarse
10,61,dilution,-0.40450819201246746,,0.95,0.19798654788387657,0.2459850763738506,0,coarse
10,62,dilution,-0.3733921772422777,,0.965,0.21006263668656605,0.27473410563675965,0,coarse
10,63,dilution,-0.34227616247208786,,0.97,0.2225209815905683,0.29618511565067357,0,coarse
10,64,dilution,-0.31116014770189804,,0.99,0.2353547650536356,0.29189537936121185,0,coarse
10,65,dilution,-0.28004413293170827,,1.0,0.24855525672576018,0.3166252381454523,0,coarse
10,66,dilution,-0.24892811816151844,,1.0,0.26211176164300953,0.32182249113140915,0,coarse
10,67,dilution,-0.21781210339132864,,0.995,0.27601158650566704,0.3401967531347776,0,coarse
10,68,dilution,-0.18669608862113884,,1.0,0.29024002600392274,0.3461364058440082,0,coarse
10,69,dilution,-0.15558007385094902,,1.0,0.30478037090622473,0.35361058384714866,0,coarse
10,70,dilution,-0.12446405908075922,,1.0,0.3196139393065501,0.3668642545215959,0,coarse
10,71,dilution,-0.09334804431056942,,1.0,0.33472013204082873,0.39058567356676066,0,coarse
10,72,dilution,-0.06223202954037961,,1.0,0.35007651283632724,0.40043866528947175,0,coarse
10,73,dilution,-0.031116014770189805,,1.0,0.3656589132610395,0.41584871591990813,0,coarse
10,74,enhancement,0.0,,1.0,0.3814415620061713,0.4320378985890105,0,coarse
10,75,enhancement,0.04780325383172036,,1.0,0.40601552224107207,0.4631915460067201,0,coarse
10,76,enhancement,0.09560650766344073,,1.0,0.4308931852342534,0.47537583058588323,0,coarse
10,77,enhancement,0.1434097614951611,,1.0,0.45596483074851724,0.501101601150568,0,coarse
10,78,enhancement,0.19121301532688145,,1.0,0.48111724452782534,0.5310935764780441,0,coarse
10,79,enhancement,0.2390162691586018,,1.0,0.5062357455316912,0.5427336862608324,0,coarse
10,80,enhancement,0.2868195229903222,,1.0,0.5312062694474684,0.5741895988888043,0,coarse
10,81,enhancement,0.33462277682204256,,1.0,0.555917428495578,0.6032410507026418,0,coarse
10,82,enhancement,0.3824260306537629,,1.0,0.580262469095677,0.6111775781935852,0,coarse
10,83,enhancement,0.43022928448548325,,1.0,0.6041410555915422,0.6291030733737618,0,coarse
10,84,enhancement,0.4780325383172036,,1.0,0.6274608192884612,0.6634184705159853,0,coarse
10,85,enhancement,0.525835792148924,,1.0,0.6501386264816367,0.675439945093336,0,coarse
10,86,enhancement,0.5736390459806444,,1.0,0.6721015356239028,0.7060296460542653,0,coarse
10,87,enhancement,0.6214422998123648,,1.0,0.6932874308742507,0.7171295345090472,0,coarse
10,88,enhancement,0.6692455536440851,,1.0,0.713645335632191,0.7324054467342375,0,coarse
10,89,enhancement,0.7170488074758055,,1.0,0.7331354241532131,0.7537581297439482,0,coarse
10,90,enhancement,0.7648520613075258,,1.0,0.7517287611201425,0.7760017750383875,0,coarse
10,91,enhancement,0.8126553151392462,,1.0,0.7694068076283155,0.7930328821036358,0,coarse
10,92,enhancement,0.8604585689709665,,1.0,0.786160737290415,0.807985661322197,0,coarse
10,93,enhancement,0.9082618228026869,,1.0,0.8019906082428395,0.8156033866017697,0,coarse
10,94,enhancement,0.9560650766344072,,1.0,0.8169044361334042,0.8327244994101325,0,coarse
10,95,enhancement,1.0038683304661276,,1.0,0.830917210231329,0.8490874034179149,0,coarse
10,96,enhancement,1.051671584297848,,1.0,0.8440498902323867,0.8551770805781891,0,coarse
10,97,enhancement,1.0994748381295683,,1.0,0.8563284157387397,0.8707141645476614,0,coarse
10,98,enhancement,1.1472780919612888,,1.0,0.867782754322169,0.8809824668455355,0,coarse
10,99,enhancement,1.1950813457930092,,1.0,0.8784460079889902,0.8911871032221695,0,coarse
10,100,enhancement,1.2428845996247295,,1.0,0.888353592106905,0.9000763429147282,0,coarse
10,101,enhancement,1.2906878534564499,,1.0,0.8975424956728466,0.9073031103182114,0,coarse
10,102,enhancement,1.3384911072881702,,1.0,0.906050627342502,0.9137764157921082,0,coarse
10,103,enhancement,1.3862943611198906,,1.0,0.9139162479693794,0.9198126090706371,0,coarse
3,0,dilution,-2.3025850929940455,,0.0,0.0,0.07029486801372502,0,fine
3,1,dilution,-2.2714690782238556,,0.0,0.0,0.07539630173027687,0,fine
3,2,dilution,-2.240353063453666,,0.0,0.0,0.05625947589245379,0,fine
3,3,dilution,-2.2092370486834763,,0.0,0.0,0.0539566697598651,0,fine
3,4,dilution,-2.1781210339132864,,0.0,0.0,0.0808341087166,0,fine
3,5,dilution,-2.1470050191430965,,0.0,0.0,0.07473988886587288,0,fine
3,6,dilution,-2.1158890043729066,,0.0,0.0,0.0638210932924504,0,fine
3,7,dilution,-2.0847729896027167,,0.0,0.0,0.06104129066431101,0,fine
3,8,dilution,-2.0536569748325273,,0.0,0.0,0.0546274052010412,0,fine
3,9,dilution,-2.0225409600623374,,0.0,0.0,0.07208191662253727,0,fine
3,10,dilution,-1.9914249452921475,,0.0,0.0,0.05818763696112508,0,fine
3,11,dilution,-1.9603089305219576,,0.0,0.0,0.09135893876657983,0,fine
3,12,dilution,-1.929192915751768,,0.0,0.0,0.0758341086578749,0,fine
3,13,dilution,-1.898076900981578,,0.0,0.0,0.09256155960823748,0,fine
3,14,dilution,-1.8669608862113882,,0.0,0.0,0.057092023613337914,0,fine
3,15,dilution,-1.8358448714411986,,0.0,0.0,0.049594844133768315,0,fine
3,16,dilution,-1.8047288566710087,,0.0,0.0,0.09129985301357807,0,fine
3,17,dilution,-1.7736128419008188,,0.0,0.0,0.10412558056394505,0,fine
3,18,dilution,-1.7424968271306291,,0.0,0.0,0.05747276744897162,0,fine
3,19,dilution,-1.7113808123604393,,0.0,0.0,0.07837978929213382,0,fine
3,20,dilution,-1.6802647975902494,,0.0,0.0,0.05608174958416429,0,fine
3,21,dilution,-1.6491487828200597,,0.0,0.0,0.11616096909829096,0,fine
3,22,dilution,-1.6180327680498698,,0.0,0.0,0.057240572725762766,0,fine
3,23,dilution,-1.58691675327968,,0.0,0.0,0.10842488895252231,0,fine
3,24,dilution,-1.5558007385094903,,0.0,0.0,0.09128280016452259,0,fine
3,25,dilution,-1.5246847237393004,,0.0,0.0,0.12231603725047677,0,fine
3,26,dilution,-1.4935687089691108,,0.0,0.0,0.08069297157875478,0,fine
3,27,dilution,-1.4624526941989209,,0.0,0.0,0.06590098729672772,0,fine
3,28,dilution,-1.431336679428731,,0.0,0.0,0.13324062848593887,0,fine
3,29,dilution,-1.4002206646585413,,0.0,0.0,0.11170459788019826,0,fine
3,30,dilution,-1.3691046498883515,,0.0,0.0,0.11571040365275635,0,fine
3,31,dilution,-1.3379886351181616,,0.0,0.0,0.13491555442567701,0,fine
3,32,dilution,-1.306872620347972,,0.0,0.0,0.09790408051112866,0,fine
3,33,dilution,-1.275756605577782,,0.0,0.0019714858345666114,0.08875412233278249,0,fine
3,34,dilution,-1.2446405908075922,,0.0,0.005284604731185878,0.13475826797739474,0,fine
3,35,dilution,-1.2135245760374025,,0.0,0.008786380713526675,0.15429164691853292,0,fine
3,36,dilution,-1.1824085612672126,,0.0,0.012486023539912206,0.15729505317297565,0,fine
3,37,dilution,-1.1512925464970227,,0.0,0.016393003411842844,0.16399543581759687,0,fine
3,38,dilution,-1.120176531726833,,0.0,0.02051703361907035,0.14828228462826423,0,fine
3,39,dilution,-1.0890605169566432,,0.0,0.024868049235126283,0.15778171106013678,0,fine
3,40,dilution,-1.0579445021864533,,0.0,0.02945618149984715,0.11361701232780179,0,fine
3,41,dilution,-1.0268284874162636,,0.0,0.034291727523868124,0.1698324510160824,0,fine
3,42,dilution,-0.9957124726460738,,0.0,0.0393851149547902,0.13505182021257928,0,fine
3,43,dilution,-0.964596457875884,,0.0,0.044746861257020314,0.14657594168293067,0,fine
3,44,dilution,-0.9334804431056941,,0.0,0.05038752727850912,0.1566827335828494,0,fine
3,45,dilution,-0.9023644283355043,,0.0,0.05631766480904277,0.16744010887618596,0,fine
3,46,dilution,-0.8712484135653146,,0.0,0.06254775787787022,0.16464672393935925,0,fine
3,47,dilution,-0.8401323987951247,,0.0,0.06908815759456785,0.18412514551674405,0,fine
3,48,dilution,-0.8090163840249349,,0.0,0.07594901040741865,0.20440034430485376,0,fine
3,49,dilution,-0.7779003692547451,,0.0,0.08314017973934658,0.2399697668480573,0,fine
3,50,dilution,-0.7467843544845554,,0.0,0.09067116106343841,0.17824774907654897,0,fine
3,51,dilution,-0.7156683397143655,,0.0,0.0985509905988278,0.19087305908094432,0,fine
3,52,dilution,-0.6845523249441757,,0.0,0.10678814794328892,0.21909895956190834,0,fine
3,53,dilution,-0.653436310173986,,0.0,0.11539045311083124,0.24484758278158417,0,fine
3,54,dilution,-0.6223202954037961,,0.0,0.12436495860975107,0.22342082520237547,0,fine
3,55,dilution,-0.5912042806336063,,0.0,0.13371783737709678,0.20007183979056883,0,fine
3,56,dilution,-0.5600882658634165,,0.0,0.14345426757656027,0.25489239441125433,0,fine
3,57,dilution,-0.5289722510932267,,0.0,0.15357831546473924,0.21408769036382197,0,fine
3,58,dilution,-0.4978562363230369,,0.0,0.16409281773080098,0.2689488599225847,0,fine
3,59,dilution,-0.46674022155284706,,0.0,0.17499926491117263,0.25514356430037866,0,fine
3,60,dilution,-0.4356242067826573,,0.0,0.18629768766735824,0.2854973306282071,0,fine
3,61,dilution,-0.40450819201246746,,0.0,0.19798654788387657,0.3250546400474586,0,fine
3,62,dilution,-0.3733921772422777,,0.0,0.21006263668656605,0.3100614376333472,0,fine
3,63,dilution,-0.34227616247208786,,0.0,0.2225209815905683,0.2878378607712646,0,fine
3,64,dilution,-0.31116014770189804,,0.0,0.2353547650536356,0.35051056208692216,0,fine
3,65,dilution,-0.28004413293170827,,0.0,0.24855525672576018,0.3433483375861153,0,fine
3,66,dilution,-0.24892811816151844,,0.0,0.26211176164300953,0.37157494397827817,0,fine
3,67,dilution,-0.21781210339132864,,0.0,0.27601158650566704,0.36881037987912263,0,fine
3,68,dilution,-0.18669608862113884,,0.0,0.29024002600392274,0.3890253705361525,0,fine
3,69,dilution,-0.15558007385094902,,0.0,0.30478037090622473,0.3504971832261196,0,fine
3,70,dilution,-0.12446405908075922,,0.0,0.3196139393065501,0.41622550538247416,0,fine
3,71,dilution,-0.09334804431056942,,0.0,0.33472013204082873,0.406452327734535,0,fine
3,72,dilution,-0.06223202954037961,,0.0,0.35007651283632724,0.43034474136226364,0,fine
3,73,dilution,-0.031116014770189805,,0.0,0.3656589132610395,0.4623116213163101,0,fine
3,74,enhancement,0.0,,0.0,0.3814415620061713,0.47394629089523377,0,fine
3,75,enhancement,0.04780325383172036,,0.0,0.40601552224107207,0.4593990733613117,0,fine
3,76,enhancement,0.09560650766344073,,0.0,0.4308931852342534,0.49156707781338155,0,fine
3,77,enhancement,0.1434097614951611,,0.0,0.45596483074851724,0.5005683588248114,0,fine
3,78,enhancement,0.19121301532688145,,0.0,0.48111724452782534,0.5369910495236145,0,fine
3,79,enhancement,0.2390162691586018,,0.0,0.5062357455316912,0.5638061779792894,0,fine
3,80,enhancement,0.2868195229903222,,0.0,0.5312062694474684,0.5669875763936872,0,fine
3,81,enhancement,0.33462277682204256,,0.0,0.555917428495578,0.6242950462970095,0,fine
3,82,enhancement,0.3824260306537629,,0.0,0.580262469095677,0.6151225460793728,0,fine
3,83,enhancement,0.43022928448548325,,0.0,0.6041410555915422,0.6609241739768873,0,fine
3,84,enhancement,0.4780325383172036,,0.0,0.6274608192884612,0.6928019339571178,0,fine
3,85,enhancement,0.525835792148924,,0.0,0.6501386264816367,0.6943963654338816,0,fine
3,86,enhancement,0.5736390459806444,,0.0,0.6721015356239028,0.6924402262753335,0,fine
3,87,enhancement,0.6214422998123648,,0.0,0.6932874308742507,0.7268626244266645,0,fine
3,88,enhancement,0.6692455536440851,,0.0,0.713645335632191,0.7616739154839556,0,fine
3,89,enhancement,0.7170488074758055,,0.0,0.7331354241532131,0.7523086171221448,0,fine
3,90,enhancement,0.7648520613075258,,0.0,0.7517287611201425,0.7812541212197014,0,fine
3,91,enhancement,0.8126553151392462,,0.0,0.7694068076283155,0.7877572562530415,0,fine
3,92,enhancement,0.8604585689709665,,0.0,0.786160737290415,0.8120279617822235,0,fine
3,93,enhancement,0.9082618228026869,,0.0,0.8019906082428395,0.8182629701999515,0,fine
3,94,enhancement,0.9560650766344072,,0.0,0.8169044361334042,0.8386576655391673,0,fine
3,95,enhancement,1.0038683304661276,,0.0,0.830917210231329,0.8427761698238768,0,fine
3,96,enhancement,1.051671584297848,,0.0,0.8440498902323867,0.8571004984784103,0,fine
3,97,enhancement,1.0994748381295683,,0.0,0.8563284157387397,0.8785702504586496,0,fine
3,98,enhancement,1.1472780919612888,,0.0,0.867782754322169,0.8909572130342107,0,fine
3,99,enhancement,1.1950813457930092,,0.0,0.8784460079889902,0.8866595566191323,0,fine
3,100,enhancement,1.2428845996247295,,0.0,0.888353592106905,0.90040632600941,0,fine
3,101,enhancement,1.2906878534564499,,0.0,0.8975424956728466,0.905794554672334,0,fine
3,102,enhancement,1.3384911072881702,,0.0,0.906050627342502,0.9166646370042824,0,fine
3,103,enhancement,1.3862943611198906,,0.0,0.9139162479693794,0.9230073020845352,0,fine
4,0,dilution,-2.3025850929940455,,0.145,0.0,0.03630658686845043,0,fine
4,1,dilution,-2.2714690782238556,,0.19,0.0,0.04823476121570616,0,fine
4,2,dilution,-2.240353063453666,,0.21,0.0,0.06149108115974295,0,fine
4,3,dilution,-2.2092370486834763,,0.17,0.0,0.03786514681126997,0,fine
4,4,dilution,-2.1781210339132864,,0.15,0.0,0.03512245214092854,0,fine
4,5,dilution,-2.1470050191430965,,0.195,0.0,0.058439317916487495,0,fine
4,6,dilution,-2.1158890043729066,,0.205,0.0,0.06756811497858133,0,fine
4,7,dilution,-2.0847729896027167,,0.16,0.0,0.05030467320219598,0,fine
4,8,dilution,-2.0536569748325273,,0.175,0.0,0.038847171551169984,0,fine
4,9,dilution,-2.0225409600623374,,0.145,0.0,0.04713110072906145,0,fine
4,10,dilution,-1.9914249452921475,,0.21,0.0,0.08050495525843024,0,fine
4,11,dilution,-1.9603089305219576,,0.16,0.0,0.04223301675502942,0,fine
4,12,dilution,-1.929192915751768,,0.195,0.0,0.0626901512673705,0,fine
4,13,dilution,-1.898076900981578,,0.195,0.0,0.06038369928031833,0,fine
4,14,dilution,-1.8669608862113882,,0.185,0.0,0.05248124082418574,0,fine
4,15,dilution,-1.8358448714411986,,0.16,0.0,0.050000896474997614,0,fine
4,16,dilution,-1.8047288566710087,,0.145,0.0,0.045123385509480994,0,fine
4,17,dilution,-1.7736128419008188,,0.165,0.0,0.061264893899345904,0,fine
4,18,dilution,-1.7424968271306291,,0.225,0.0,0.08509139462860535,0,fine
4,19,dilution,-1.7113808123604393,,0.155,0.0,0.056149443538568995,0,fine
4,20,dilution,-1.6802647975902494,,0.17,0.0,0.06029364681020689,0,fine
4,21,dilution,-1.6491487828200597,,0.21,0.0,0.060486067984822985,0,fine
4,22,dilution,-1.6180327680498698,,0.17,0.0,0.05791563038860389,0,fine
4,23,dilution,-1.58691675327968,,0.2,0.0,0.08112331371889538,0,fine
4,24,dilution,-1.5558007385094903,,0.125,0.0,0.03111917240144635,0,fine
4,25,dilution,-1.5246847237393004,,0.145,0.0,0.06494916437276756,0,fine
4,26,dilution,-1.4935687089691108,,0.15,0.0,0.07455286867545977,0,fine
4,27,dilution,-1.4624526941989209,,0.205,0.0,0.07132270763912509,0,fine
4,28,dilution,-1.431336679428731,,0.16,0.0,0.0587390256749091,0,fine
4,29,dilution,-1.4002206646585413,,0.205,0.0,0.09189694262480753,0,fine
4,30,dilution,-1.3691046498883515,,0.23,0.0,0.10839222446826575,0,fine
4,31,dilution,-1.3379886351181616,,0.15,0.0,0.07920190527409816,0,fine
4,32,dilution,-1.306872620347972,,0.22,0.0,0.11376507884242174,0,fine
4,33,dilution,-1.275756605577782,,0.195,0.0019714858345666114,0.08674296935785394,0,fine
4,34,dilution,-1.2446405908075922,,0.185,0.005284604731185878,0.11179755883288864,0,fine
4,35,dilution,-1.2135245760374025,,0.15,0.008786380713526675,0.06887781919396518,0,fine
4,36,dilution,-1.1824085612672126,,0.175,0.012486023539912206,0.08079679520847531,0,fine
4,37,dilution,-1.1512925464970227,,0.145,0.016393003411842844,0.07125149620521727,0,fine
4,38,dilution,-1.120176531726833,,0.175,0.02051703361907035,0.11521160546422778,0,fine
4,39,dilution,-1.0890605169566432,,0.205,0.024868049235126283,0.1139670221603259,0,fine
4,40,dilution,-1.0579445021864533,,0.205,0.02945618149984715,0.13774411660911917,0,fine
4,41,dilution,-1.0268284874162636,,0.17,0.034291727523868124,0.09827176035300184,0,fine
4,42,dilution,-0.9957124726460738,,0.175,0.0393851149547902,0.10737331766298645,0,fine
4,43,dilution,-0.964596457875884,,0.24,0.044746861257020314,0.1305829046314384,0,fine
4,44,dilution,-0.9334804431056941,,0.215,0.05038752727850912,0.1266010867083594,0,fine
4,45,dilution,-0.9023644283355043,,0.205,0.05631766480904277,0.13657068104640455,0,fine
4,46,dilution,-0.8712484135653146,,0.235,0.06254775787787022,0.17002518078683074,0,fine
4,47,dilution,-0.8401323987951247,,0.205,0.06908815759456785,0.15828664044293833,0,fine
4,48,dilution,-0.8090163840249349,,0.225,0.07594901040741865,0.16198359134433105,0,fine
4,49,dilution,-0.7779003692547451,,0.215,0.08314017973934658,0.16661623786340635,0,fine
4,50,dilution,-0.7467843544845554,,0.215,0.09067116106343841,0.15442926025955347,0,fine
4,51,dilution,-0.7156683397143655,,0.22,0.0985509905988278,0.18597237510997622,0,fine
4,52,dilution,-0.6845523249441757,,0.255,0.10678814794328892,0.1841831415385249,0,fine
4,53,dilution,-0.653436310173986,,0.24,0.11539045311083124,0.19349367028006464,0,fine
4,54,dilution,-0.6223202954037961,,0.23,0.12436495860975107,0.1878115124681782,0,fine
4,55,dilution,-0.5912042806336063,,0.225,0.13371783737709678,0.19020160464950056,0,fine
4,56,dilution,-0.5600882658634165,,0.365,0.14345426757656027,0.2841383949594191,0,fine
4,57,dilution,-0.5289722510932267,,0.305,0.15357831546473924,0.24763076545577645,0,fine
4,58,dilution,-0.4978562363230369,,0.32,0.16409281773080098,0.25037194233978705,0,fine
4,59,dilution,-0.46674022155284706,,0.265,0.17499926491117263,0.2272219700810783,0,fine
4,60,dilution,-0.4356242067826573,,0.38,0.18629768766735824,0.2794306054265114,0,fine
4,61,dilution,-0.40450819201246746,,0.39,0.19798654788387657,0.29974988120074925,0,fine
4,62,dilution,-0.3733921772422777,,0.35,0.21006263668656605,0.2810283490141532,0,fine
4,63,dilution,-0.34227616247208786,,0.44,0.2225209815905683,0.3213406630585193,0,fine
4,64,dilution,-0.31116014770189804,,0.445,0.2353547650536356,0.30314086726812794,0,fine
4,65,dilution,-0.28004413293170827,,0.5,0.24855525672576018,0.33282218577631695,0,fine
4,66,dilution,-0.24892811816151844,,0.455,0.26211176164300953,0.33626275950984486,0,fine
4,67,dilution,-0.21781210339132864,,0.51,0.27601158650566704,0.36339478849397644,0,fine
4,68,dilution,-0.18669608862113884,,0.475,0.29024002600392274,0.34752110692871624,0,fine
4,69,dilution,-0.15558007385094902,,0.48,0.30478037090622473,0.36749825002909475,0,fine
4,70,dilution,-0.12446405908075922,,0.53,0.3196139393065501,0.4057483138762571,0,fine
4,71,dilution,-0.09334804431056942,,0.56,0.33472013204082873,0.3858017467721403,0,fine
4,72,dilution,-0.06223202954037961,,0.605,0.35007651283632724,0.41794594646021593,0,fine
4,73,dilution,-0.031116014770189805,,0.705,0.3656589132610395,0.4241296760264784,0,fine
4,74,enhancement,0.0,,0.71,0.3814415620061713,0.43468474924983963,0,fine
4,75,enhancement,0.04780325383172036,,0.77,0.40601552224107207,0.44593728766910146,0,fine
4,76,enhancement,0.09560650766344073,,0.805,0.4308931852342534,0.47915721470973877,0,fine
4,77,enhancement,0.1434097614951611,,0.895,0.45596483074851724,0.5491102379420896,0,fine
4,78,enhancement,0.19121301532688145,,0.865,0.48111724452782534,0.5356355888985344,0,fine
4,79,enhancement,0.2390162691586018,,0.91,0.5062357455316912,0.5445401328337757,0,fine
4,80,enhancement,0.2868195229903222,,0.93,0.5312062694474684,0.5666596801193606,0,fine
4,81,enhancement,0.33462277682204256,,0.955,0.555917428495578,0.6024034155227512,0,fine
4,82,enhancement,0.3824260306537629,,0.975,0.580262469095677,0.6098595926666234,0,fine
4,83,enhancement,0.43022928448548325,,1.0,0.6041410555915422,0.6397450881644466,0,fine
4,84,enhancement,0.4780325383172036,,1.0,0.6274608192884612,0.6408175585082829,0,fine
4,85,enhancement,0.525835792148924,,0.995,0.6501386264816367,0.6915224882493058,0,fine
4,86,enhancement,0.5736390459806444,,1.0,0.6721015356239028,0.7162352567499686,0,fine
4,87,enhancement,0.6214422998123648,,1.0,0.6932874308742507,0.7185225896476333,0,fine
4,88,enhancement,0.6692455536440851,,1.0,0.713645335632191,0.7426291237620565,0,fine
4,89,enhancement,0.7170488074758055,,1.0,0.7331354241532131,0.7631479828198537,0,fine
4,90,enhancement,0.7648520613075258,,1.0,0.7517287611201425,0.7730050209085247,0,fine
4,91,enhancement,0.8126553151392462,,1.0,0.7694068076283155,0.7908435854425241,0,fine
4,92,enhancement,0.8604585689709665,,1.0,0.786160737290415,0.8096587553778355,0,fine
4,93,enhancement,0.9082618228026869,,1.0,0.8019906082428395,0.8197399261115179,0,fine
4,94,enhancement,0.9560650766344072,,1.0,0.8169044361334042,0.8366160732442487,0,fine
4,95,enhancement,1.0038683304661276,,1.0,0.830917210231329,0.8445808418321192,0,fine
4,96,enhancement,1.051671584297848,,1.0,0.8440498902323867,0.8604170848391793,0,fine
4,97,enhancement,1.0994748381295683,,1.0,0.8563284157387397,0.8647024834753406,0,fine
4,98,enhancement,1.1472780919612888,,1.0,0.867782754322169,0.8826230367441863,0,fine
4,99,enhancement,1.1950813457930092,,0.995,0.8784460079889902,0.8911856782375787,0,fine
4,100,enhancement,1.2428845996247295,,1.0,0.888353592106905,0.8977861242372888,0,fine
4,101,enhancement,1.2906878534564499,,1.0,0.8975424956728466,0.9073279324700043,0,fine
4,102,enhancement,1.3384911072881702,,1.0,0.906050627342502,0.9134841364954127,0,fine
4,103,enhancement,1.3862943611198906,,1.0,0.9139162479693794,0.9166810897175176,0,fine
5,0,dilution,-2.3025850929940455,,0.135,0.0,0.03174398198910089,0,fine
5,1,dilution,-2.2714690782238556,,0.13,0.0,0.045525670327145384,0,fine
5,2,dilution,-2.240353063453666,,0.135,0.0,0.01936479837043347,0,fine
5,3,dilution,-2.2092370486834763,,0.13,0.0,0.029009194559843233,0,fine
5,4,dilution,-2.1781210339132864,,0.12,0.0,0.03297952801841745,0,fine
5,5,dilution,-2.1470050191430965,,0.145,0.0,0.026230338467969534,0,fine
5,6,dilution,-2.1158890043729066,,0.095,0.0,0.021644323356462315,0,fine
5,7,dilution,-2.0847729896027167,,0.145,0.0,0.047279914010868646,0,fine
5,8,dilution,-2.0536569748325273,,0.12,0.0,0.034064841550369034,0,fine
5,9,dilution,-2.0225409600623374,,0.15,0.0,0.05406266197372403,0,fine
5,10,dilution,-1.9914249452921475,,0.125,0.0,0.02782914863423491,0,fine
5,11,dilution,-1.9603089305219576,,0.115,0.0,0.04875391365872685,0,fine
5,12,dilution,-1.929192915751768,,0.125,0.0,0.036461557574566865,0,fine
5,13,dilution,-1.898076900981578,,0.105,0.0,0.025720213550479164,0,fine
5,14,dilution,-1.8669608862113882,,0.105,0.0,0.03229990179229744,0,fine
5,15,dilution,-1.8358448714411986,,0.145,0.0,0.0463578164417215,0,fine
5,16,dilution,-1.8047288566710087,,0.175,0.0,0.06448626209642663,0,fine
5,17,dilution,-1.7736128419008188,,0.145,0.0,0.04040229977567052,0,fine
5,18,dilution,-1.7424968271306291,,0.185,0.0,0.06955990917908612,0,fine
5,19,dilution,-1.7113808123604393,,0.12,0.0,0.037595468402175335,0,fine
5,20,dilution,-1.6802647975902494,,0.14,0.0,0.05099307779593163,0,fine
5,21,dilution,-1.6491487828200597,,0.18,0.0,0.06211246755498953,0,fine
5,22,dilution,-1.6180327680498698,,0.155,0.0,0.05527846654266412,0,fine
5,23,dilution,-1.58691675327968,,0.145,0.0,0.051055821759005866,0,fine
5,24,dilution,-1.5558007385094903,,0.155,0.0,0.059869382131985394,0,fine
5,25,dilution,-1.5246847237393004,,0.105,0.0,0.04556089712574208,0,fine
5,26,dilution,-1.4935687089691108,,0.15,0.0,0.059497923254109464,0,fine
5,27,dilution,-1.4624526941989209,,0.11,0.0,0.04590118082676833,0,fine
5,28,dilution,-1.431336679428731,,0.13,0.0,0.05707363664991199,0,fine
5,29,dilution,-1.4002206646585413,,0.135,0.0,0.04929575748012117,0,fine
5,30,dilution,-1.3691046498883515,,0.175,0.0,0.07131641815647327,0,fine
5,31,dilution,-1.3379886351181616,,0.11,0.0,0.04530932412291865,0,fine
5,32,dilution,-1.306872620347972,,0.135,0.0,0.06866499413961785,0,fine
5,33,dilution,-1.275756605577782,,0.12,0.0019714858345666114,0.06255143642779687,0,fine
5,34,dilution,-1.2446405908075922,,0.16,0.005284604731185878,0.09047958922666431,0,fine
5,35,dilution,-1.2135245760374025,,0.15,0.008786380713526675,0.08121731318042144,0,fine
5,36,dilution,-1.1824085612672126,,0.215,0.012486023539912206,0.10518325279448085,0,fine
5,37,dilution,-1.1512925464970227,,0.175,0.016393003411842844,0.09371061617345827,0,fine
5,38,dilution,-1.120176531726833,,0.23,0.02051703361907035,0.12403992484239539,0,fine
5,39,dilution,-1.0890605169566432,,0.18,0.024868049235126283,0.08734575786727061,0,fine
5,40,dilution,-1.0579445021864533,,0.225,0.02945618149984715,0.1253006410088419,0,fine
5,41,dilution,-1.0268284874162636,,0.195,0.034291727523868124,0.10185218984293151,0,fine
5,42,dilution,-0.9957124726460738,,0.18,0.0393851149547902,0.11178818543628287,0,fine
5,43,dilution,-0.964596457875884,,0.18,0.044746861257020314,0.11124732609321866,0,fine
5,44,dilution,-0.9334804431056941,,0.205,0.05038752727850912,0.13336247629240522,0,fine
5,45,dilution,-0.9023644283355043,,0.17,0.05631766480904277,0.10576137729109647,0,fine
5,46,dilution,-0.8712484135653146,,0.2,0.06254775787787022,0.12517732421440292,0,fine
5,47,dilution,-0.8401323987951247,,0.245,0.06908815759456785,0.13544855062673056,0,fine
5,48,dilution,-0.8090163840249349,,0.255,0.07594901040741865,0.16257817060507535,0,fine
5,49,dilution,-0.7779003692547451,,0.195,0.08314017973934658,0.1314373131469165,0,fine
5,50,dilution,-0.7467843544845554,,0.335,0.09067116106343841,0.19676969215182338,0,fine
5,51,dilution,-0.7156683397143655,,0.315,0.0985509905988278,0.1765980139515176,0,fine
5,52,dilution,-0.6845523249441757,,0.34,0.10678814794328892,0.1985465070434045,0,fine
5,53,dilution,-0.653436310173986,,0.33,0.11539045311083124,0.18594762811081955,0,fine
5,54,dilution,-0.6223202954037961,,0.355,0.12436495860975107,0.21237085623985358,0,fine
5,55,dilution,-0.5912042806336063,,0.345,0.13371783737709678,0.21912097771792674,0,fine
5,56,dilution,-0.5600882658634165,,0.36,0.14345426757656027,0.19837938299393826,0,fine
5,57,dilution,-0.5289722510932267,,0.415,0.15357831546473924,0.2411809295359329,0,fine
5,58,dilution,-0.4978562363230369,,0.43,0.16409281773080098,0.2348327021718955,0,fine
5,59,dilution,-0.46674022155284706,,0.505,0.17499926491117263,0.2665854760146674,0,fine
5,60,dilution,-0.4356242067826573,,0.49,0.18629768766735824,0.25537677574828754,0,fine
5,61,dilution,-0.40450819201246746,,0.535,0.19798654788387657,0.2683483822218846,0,fine
5,62,dilution,-0.3733921772422777,,0.515,0.21006263668656605,0.2741251123863643,0,fine
5,63,dilution,-0.34227616247208786,,0.52,0.2225209815905683,0.27178813952178155,0,fine
5,64,dilution,-0.31116014770189804,,0.665,0.2353547650536356,0.30956635124678206,0,fine
5,65,dilution,-0.28004413293170827,,0.63,0.24855525672576018,0.30908294546242304,0,fine
5,66,dilution,-0.24892811816151844,,0.69,0.26211176164300953,0.3266827637464169,0,fine
5,67,dilution,-0.21781210339132864,,0.725,0.27601158650566704,0.32489060642656314,0,fine
5,68,dilution,-0.18669608862113884,,0.725,0.29024002600392274,0.34811839612996126,0,fine
5,69,dilution,-0.15558007385094902,,0.77,0.30478037090622473,0.35494004235086324,0,fine
5,70,dilution,-0.12446405908075922,,0.82,0.3196139393065501,0.35915912345536155,0,fine
5,71,dilution,-0.09334804431056942,,0.825,0.33472013204082873,0.3991186032675467,0,fine
5,72,dilution,-0.06223202954037961,,0.85,0.35007651283632724,0.418985644503821,0,fine
5,73,dilution,-0.031116014770189805,,0.9,0.3656589132610395,0.41576027071810073,0,fine
5,74,enhancement,0.0,,0.92,0.3814415620061713,0.44817356877579057,0,fine
5,75,enhancement,0.04780325383172036,,0.96,0.40601552224107207,0.43772478416028704,0,fine
5,76,enhancement,0.09560650766344073,,0.98,0.4308931852342534,0.4779918310207892,0,fine
5,77,enhancement,0.1434097614951611,,1.0,0.45596483074851724,0.49925920945238894,0,fine
5,78,enhancement,0.19121301532688145,,0.985,0.48111724452782534,0.5285197053313735,0,fine
5,79,enhancement,0.2390162691586018,,0.995,0.5062357455316912,0.5345216263007164,0,fine
5,80,enhancement,0.2868195229903222,,1.0,0.5312062694474684,0.5753128337873012,0,fine
5,81,enhancement,0.33462277682204256,,1.0,0.555917428495578,0.6059193229391955,0,fine
5,82,enhancement,0.3824260306537629,,1.0,0.580262469095677,0.6281404885752402,0,fine
5,83,enhancement,0.43022928448548325,,1.0,0.6041410555915422,0.6453672459398098,0,fine
5,84,enhancement,0.4780325383172036,,1.0,0.6274608192884612,0.6650979347874335,0,fine
5,85,enhancement,0.525835792148924,,1.0,0.6501386264816367,0.6731821332678873,0,fine
5,86,enhancement,0.5736390459806444,,1.0,0.6721015356239028,0.7103510534347117,0,fine
5,87,enhancement,0.6214422998123648,,1.0,0.6932874308742507,0.7136933116318712,0,fine
5,88,enhancement,0.6692455536440851,,1.0,0.713645335632191,0.7392749663774985,0,fine
5,89,enhancement,0.7170488074758055,,1.0,0.7331354241532131,0.7516084984764501,0,fine
5,90,enhancement,0.7648520613075258,,1.0,0.7517287611201425,0.7745391078588756,0,fine
5,91,enhancement,0.8126553151392462,,1.0,0.7694068076283155,0.7878053206369544,0,fine
5,92,enhancement,0.8604585689709665,,1.0,0.786160737290415,0.8106271325639703,0,fine
5,93,enhancement,0.9082618228026869,,1.0,0.8019906082428395,0.8193310442634916,0,fine
5,94,enhancement,0.9560650766344072,,1.0,0.8169044361334042,0.835829256779958,0,fine
5,95,enhancement,1.0038683304661276,,1.0,0.830917210231329,0.8517359775306933,0,fine
5,96,enhancement,1.051671584297848,,1.0,0.8440498902323867,0.8546705096197781,0,fine
5,97,enhancement,1.0994748381295683,,1.0,0.8563284157387397,0.8629497375462779,0,fine
5,98,enhancement,1.1472780919612888,,1.0,0.867782754322169,0.8785839534755369,0,fine
5,99,enhancement,1.1950813457930092,,1.0,0.8784460079889902,0.8881265125086293,0,fine
5,100,enhancement,1.2428845996247295,,1.0,0.888353592106905,0.8999736425427559,0,fine
5,101,enhancement,1.2906878534564499,,1.0,0.8975424956728466,0.9091649523477472,0,fine
5,102,enhancement,1.3384911072881702,,1.0,0.906050627342502,0.912340331611724,0,fine
5,103,enhancement,1.3862943611198906,,1.0,0.9139162479693794,0.9209843811897435,0,fine
6,0,dilution,-2.3025850929940455,,0.12,0.0,0.027189582791539015,0,fine
6,1,dilution,-2.2714690782238556,,0.095,0.0,0.01358346981747584,0,fine
6,2,dilution,-2.240353063453666,,0.09,0.0,0.02247382648169872,0,fine
6,3,dilution,-2.2092370486834763,,0.105,0.0,0.033376522312925705,0,fine
6,4,dilution,-2.1781210339132864,,0.11,0.0,0.02352651727064427,0,fine
6,5,dilution,-2.1470050191430965,,0.105,0.0,0.02393941500157957,0,fine
6,6,dilution,-2.1158890043729066,,0.1,0.0,0.019641371584836084,0,fine
6,7,dilution,-2.0847729896027167,,0.14,0.0,0.024664672075819544,0,fine
6,8,dilution,-2.0536569748325273,,0.1,0.0,0.01601792311047353,0,fine
6,9,dilution,-2.0225409600623374,,0.09,0.0,0.02681623948909488,0,fine
6,10,dilution,-1.9914249452921475,,0.12,0.0,0.03951613827794889,0,fine
6,11,dilution,-1.9603089305219576,,0.125,0.0,0.027773116310384358,0,fine
6,12,dilution,-1.929192915751768,,0.125,0.0,0.03743019658091561,0,fine
6,13,dilution,-1.898076900981578,,0.1,0.0,0.02428424569216495,0,fine
6,14,dilution,-1.8669608862113882,,0.115,0.0,0.021626789452606498,0,fine
6,15,dilution,-1.8358448714411986,,0.11,0.0,0.03662708341176035,0,fine
6,16,dilution,-1.8047288566710087,,0.115,0.0,0.03103786679469481,0,fine
6,17,dilution,-1.7736128419008188,,0.125,0.0,0.03701538226079007,0,fine
6,18,dilution,-1.7424968271306291,,0.135,0.0,0.04620570633699205,0,fine
6,19,dilution,-1.7113808123604393,,0.115,0.0,0.0432162390326458,0,fine
6,20,dilution,-1.6802647975902494,,0.12,0.0,0.035953610451110896,0,fine
6,21,dilution,-1.6491487828200597,,0.09,0.0,0.033931018225072364,0,fine
6,22,dilution,-1.6180327680498698,,0.13,0.0,0.04982174259006297,0,fine
6,23,dilution,-1.58691675327968,,0.12,0.0,0.05042305463278325,0,fine
6,24,dilution,-1.5558007385094903,,0.1,0.0,0.04792233932317367,0,fine
6,25,dilution,-1.5246847237393004,,0.155,0.0,0.05666060682311995,0,fine
6,26,dilution,-1.4935687089691108,,0.11,0.0,0.04925500804484382,0,fine
6,27,dilution,-1.4624526941989209,,0.165,0.0,0.06243488885401554,0,fine
6,28,dilution,-1.431336679428731,,0.095,0.0,0.04120073316881907,0,fine
6,29,dilution,-1.4002206646585413,,0.12,0.0,0.05474382232455615,0,fine
6,30,dilution,-1.3691046498883515,,0.135,0.0,0.057953176338199394,0,fine
6,31,dilution,-1.3379886351181616,,0.175,0.0,0.0703717945217832,0,fine
6,32,dilution,-1.306872620347972,,0.16,0.0,0.07139013487112933,0,fine
6,33,dilution,-1.275756605577782,,0.15,0.0019714858345666114,0.06568234638090872,0,fine
6,34,dilution,-1.2446405908075922,,0.14,0.005284604731185878,0.06456573220503875,0,fine
6,35,dilution,-1.2135245760374025,,0.18,0.008786380713526675,0.09056054843471913,0,fine
6,36,dilution,-1.1824085612672126,,0.18,0.012486023539912206,0.0902441747745043,0,fine
6,37,dilution,-1.1512925464970227,,0.145,0.016393003411842844,0.07244594572651696,0,fine
6,38,dilution,-1.120176531726833,,0.21,0.02051703361907035,0.10261348574311882,0,fine
6,39,dilution,-1.0890605169566432,,0.17,0.024868049235126283,0.08526522618534496,0,fine
6,40,dilution,-1.0579445021864533,,0.215,0.02945618149984715,0.09817373998137544,0,fine
6,41,dilution,-1.0268284874162636,,0.175,0.034291727523868124,0.10285481508833598,0,fine
6,42,dilution,-0.9957124726460738,,0.235,0.0393851149547902,0.11031158889075833,0,fine
6,43,dilution,-0.964596457875884,,0.24,0.044746861257020314,0.12406460808007322,0,fine
6,44,dilution,-0.9334804431056941,,0.215,0.05038752727850912,0.11413092626753624,0,fine
6,45,dilution,-0.9023644283355043,,0.21,0.05631766480904277,0.1200213193854398,0,fine
6,46,dilution,-0.8712484135653146,,0.27,0.06254775787787022,0.1332034893613101,0,fine
6,47,dilution,-0.8401323987951247,,0.315,0.06908815759456785,0.1661278194243084,0,fine
6,48,dilution,-0.8090163840249349,,0.28,0.07594901040741865,0.15039752858674654,0,fine
6,49,dilution,-0.7779003692547451,,0.265,0.08314017973934658,0.14761050321616837,0,fine
6,50,dilution,-0.7467843544845554,,0.26,0.09067116106343841,0.1500491005861879,0,fine
6,51,dilution,-0.7156683397143655,,0.345,0.0985509905988278,0.1777320370704475,0,fine
6,52,dilution,-0.6845523249441757,,0.315,0.10678814794328892,0.16454683389655136,0,fine
6,53,dilution,-0.653436310173986,,0.38,0.11539045311083124,0.19185744060858748,0,fine
6,54,dilution,-0.6223202954037961,,0.425,0.12436495860975107,0.20756770031257205,0,fine
6,55,dilution,-0.5912042806336063,,0.39,0.13371783737709678,0.17800468965465194,0,fine
6,56,dilution,-0.5600882658634165,,0.435,0.14345426757656027,0.2032183073070756,0,fine
6,57,dilution,-0.5289722510932267,,0.445,0.15357831546473924,0.21111688756876326,0,fine
6,58,dilution,-0.4978562363230369,,0.5,0.16409281773080098,0.23451462546477234,0,fine
6,59,dilution,-0.46674022155284706,,0.615,0.17499926491117263,0.2552414435635125,0,fine
6,60,dilution,-0.4356242067826573,,0.625,0.18629768766735824,0.26086648437117244,0,fine
6,61,dilution,-0.40450819201246746,,0.61,0.19798654788387657,0.25211498780800484,0,fine
6,62,dilution,-0.3733921772422777,,0.685,0.21006263668656605,0.2731199494216536,0,fine
6,63,dilution,-0.34227616247208786,,0.71,0.2225209815905683,0.27734245983810546,0,fine
6,64,dilution,-0.31116014770189804,,0.825,0.2353547650536356,0.3038516337076301,0,fine
6,65,dilution,-0.28004413293170827,,0.765,0.24855525672576018,0.3022880438978424,0,fine
6,66,dilution,-0.24892811816151844,,0.83,0.26211176164300953,0.31741674486959176,0,fine
6,67,dilution,-0.21781210339132864,,0.885,0.27601158650566704,0.33808504978247234,0,fine
6,68,dilution,-0.18669608862113884,,0.895,0.29024002600392274,0.3335613906646171,0,fine
6,69,dilution,-0.15558007385094902,,0.92,0.30478037090622473,0.3746776049059566,0,fine
6,70,dilution,-0.12446405908075922,,0.915,0.3196139393065501,0.39117433592678125,0,fine
6,71,dilution,-0.09334804431056942,,0.92,0.33472013204082873,0.3797024905897251,0,fine
6,72,dilution,-0.06223202954037961,,0.97,0.35007651283632724,0.401382029498329,0,fine
6,73,dilution,-0.031116014770189805,,0.975,0.3656589132610395,0.4335613776105572,0,fine
6,74,enhancement,0.0,,0.975,0.3814415620061713,0.4220075284645277,0,fine
6,75,enhancement,0.04780325383172036,,0.995,0.40601552224107207,0.4715046846921118,0,fine
6,76,enhancement,0.09560650766344073,,1.0,0.4308931852342534,0.4855156075388903,0,fine
6,77,enhancement,0.1434097614951611,,0.995,0.45596483074851724,0.5015160512034442,0,fine
6,78,enhancement,0.19121301532688145,,1.0,0.48111724452782534,0.5237193509102361,0,fine
6,79,enhancement,0.2390162691586018,,1.0,0.5062357455316912,0.5445185169537167,0,fine
6,80,enhancement,0.2868195229903222,,1.0,0.5312062694474684,0.561218376026687,0,fine
6,81,enhancement,0.33462277682204256,,1.0,0.555917428495578,0.6078419273993932,0,fine
6,82,enhancement,0.3824260306537629,,1.0,0.580262469095677,0.6138608492653063,0,fine
6,83,enhancement,0.43022928448548325,,1.0,0.6041410555915422,0.6400427738548059,0,fine
6,84,enhancement,0.4780325383172036,,1.0,0.6274608192884612,0.6552448014294218,0,fine
6,85,enhancement,0.525835792148924,,1.0,0.6501386264816367,0.6835243150876349,0,fine
6,86,enhancement,0.5736390459806444,,1.0,0.6721015356239028,0.7041486547875883,0,fine
6,87,enhancement,0.6214422998123648,,1.0,0.6932874308742507,0.7181188428424108,0,fine
6,88,enhancement,0.6692455536440851,,1.0,0.713645335632191,0.7488775180175665,0,fine
6,89,enhancement,0.7170488074758055,,1.0,0.7331354241532131,0.7621341097970228,0,fine
6,90,enhancement,0.7648520613075258,,1.0,0.7517287611201425,0.7790494841573218,0,fine
6,91,enhancement,0.8126553151392462,,1.0,0.7694068076283155,0.7894275824071315,0,fine
6,92,enhancement,0.8604585689709665,,1.0,0.786160737290415,0.8024026686645211,0,fine
6,93,enhancement,0.9082618228026869,,1.0,0.8019906082428395,0.8164055300868819,0,fine
6,94,enhancement,0.9560650766344072,,1.0,0.8169044361334042,0.836315622708085,0,fine
6,95,enhancement,1.0038683304661276,,1.0,0.830917210231329,0.8518314108443934,0,fine
6,96,enhancement,1.051671584297848,,1.0,0.8440498902323867,0.8602031530731573,0,fine
6,97,enhancement,1.0994748381295683,,1.0,0.8563284157387397,0.8761648379052169,0,fine
6,98,enhancement,1.1472780919612888,,1.0,0.867782754322169,0.8753457219791244,0,fine
6,99,enhancement,1.1950813457930092,,1.0,0.8784460079889902,0.8856476722424402,0,fine
6,100,enhancement,1.2428845996247295,,1.0,0.888353592106905,0.8998944486529112,0,fine
6,101,enhancement,1.2906878534564499,,1.0,0.8975424956728466,0.9066655170962419,0,fine
6,102,enhancement,1.3384911072881702,,1.0,0.906050627342502,0.9159629616502,0,fine
6,103,enhancement,1.3862943611198906,,1.0,0.9139162479693794,0.9189803491769751,0,fine
7,0,dilution,-2.3025850929940455,,0.07,0.0,0.005318347293677712,0,fine
7,1,dilution,-2.2714690782238556,,0.095,0.0,0.013142216248679079,0,fine
7,2,dilution,-2.240353063453666,,0.08,0.0,0.016106300966901944,0,fine
7,3,dilution,-2.2092370486834763,,0.1,0.0,0.026916808585890167,0,fine
7,4,dilution,-2.1781210339132864,,0.11,0.0,0.025518527160270744,0,fine
7,5,dilution,-2.1470050191430965,,0.075,0.0,0.026974265564176116,0,fine
7,6,dilution,-2.1158890043729066,,0.095,0.0,0.016571904936325876,0,fine
7,7,dilution,-2.0847729896027167,,0.055,0.0,0.004817620866794128,0,fine
7,8,dilution,-2.0536569748325273,,0.08,0.0,0.017227298438295,0,fine
7,9,dilution,-2.0225409600623374,,0.085,0.0,0.015057828668343149,0,fine
7,10,dilution,-1.9914249452921475,,0.11,0.0,0.029339646267568752,0,fine
7,11,dilution,-1.9603089305219576,,0.09,0.0,0.027821971557198958,0,fine
7,12,dilution,-1.929192915751768,,0.08,0.0,0.018341689028060278,0,fine
7,13,dilution,-1.898076900981578,,0.1,0.0,0.029207347479546054,0,fine
7,14,dilution,-1.8669608862113882,,0.125,0.0,0.04092551541108425,0,fine
7,15,dilution,-1.8358448714411986,,0.1,0.0,0.02958766280026161,0,fine
7,16,dilution,-1.8047288566710087,,0.105,0.0,0.03159477739085813,0,fine
7,17,dilution,-1.7736128419008188,,0.075,0.0,0.031607551842249094,0,fine
7,18,dilution,-1.7424968271306291,,0.095,0.0,0.0195127408305743,0,fine
7,19,dilution,-1.7113808123604393,,0.1,0.0,0.03316490674842039,0,fine
7,20,dilution,-1.6802647975902494,,0.105,0.0,0.03162527999071313,0,fine
7,21,dilution,-1.6491487828200597,,0.08,0.0,0.029111306215731075,0,fine
7,22,dilution,-1.6180327680498698,,0.085,0.0,0.032576778957052265,0,fine
7,23,dilution,-1.58691675327968,,0.1,0.0,0.03937690559530933,0,fine
7,24,dilution,-1.5558007385094903,,0.115,0.0,0.047513344437164415,0,fine
7,25,dilution,-1.5246847237393004,,0.11,0.0,0.049669563210127894,0,fine
7,26,dilution,-1.4935687089691108,,0.09,0.0,0.035374205851397465,0,fine
7,27,dilution,-1.4624526941989209,,0.075,0.0,0.04233012537723337,0,fine
7,28,dilution,-1.431336679428731,,0.135,0.0,0.06949907026234406,0,fine
7,29,dilution,-1.4002206646585413,,0.15,0.0,0.060412397677477706,0,fine
7,30,dilution,-1.3691046498883515,,0.16,0.0,0.06867559142802254,0,fine
7,31,dilution,-1.3379886351181616,,0.14,0.0,0.06621097396697212,0,fine
7,32,dilution,-1.306872620347972,,0.13,0.0,0.0626564737627254,0,fine
7,33,dilution,-1.275756605577782,,0.165,0.0019714858345666114,0.07054147785683963,0,fine
7,34,dilution,-1.2446405908075922,,0.165,0.005284604731185878,0.07651911313718389,0,fine
7,35,dilution,-1.2135245760374025,,0.155,0.008786380713526675,0.07222601754112672,0,fine
7,36,dilution,-1.1824085612672126,,0.175,0.012486023539912206,0.07693546628860859,0,fine
7,37,dilution,-1.1512925464970227,,0.22,0.016393003411842844,0.09491788901121037,0,fine
7,38,dilution,-1.120176531726833,,0.17,0.02051703361907035,0.08125545922185254,0,fine
7,39,dilution,-1.0890605169566432,,0.21,0.024868049235126283,0.09632193244557681,0,fine
7,40,dilution,-1.0579445021864533,,0.195,0.02945618149984715,0.08407437210111122,0,fine
7,41,dilution,-1.0268284874162636,,0.18,0.034291727523868124,0.08274598628512454,0,fine
7,42,dilution,-0.9957124726460738,,0.24,0.0393851149547902,0.10603734006412369,0,fine
7,43,dilution,-0.964596457875884,,0.24,0.044746861257020314,0.12131750327360846,0,fine
7,44,dilution,-0.9334804431056941,,0.215,0.05038752727850912,0.11089106884642225,0,fine
7,45,dilution,-0.9023644283355043,,0.3,0.05631766480904277,0.13294674221992372,0,fine
7,46,dilution,-0.8712484135653146,,0.29,0.06254775787787022,0.1240423154241899,0,fine
7,47,dilution,-0.8401323987951247,,0.285,0.06908815759456785,0.12877163037067701,0,fine
7,48,dilution,-0.8090163840249349,,0.32,0.07594901040741865,0.13535725142823868,0,fine
7,49,dilution,-0.7779003692547451,,0.31,0.08314017973934658,0.13398714112653226,0,fine
7,50,dilution,-0.7467843544845554,,0.36,0.09067116106343841,0.1459912177017162,0,fine
7,51,dilution,-0.7156683397143655,,0.42,0.0985509905988278,0.16960153506693001,0,fine
7,52,dilution,-0.6845523249441757,,0.365,0.10678814794328892,0.1561705184983785,0,fine
7,53,dilution,-0.653436310173986,,0.47,0.11539045311083124,0.17166666526691557,0,fine
7,54,dilution,-0.6223202954037961,,0.495,0.12436495860975107,0.19746109164499462,0,fine
7,55,dilution,-0.5912042806336063,,0.53,0.13371783737709678,0.1820960934709121,0,fine
7,56,dilution,-0.5600882658634165,,0.63,0.14345426757656027,0.2198596571771632,0,fine
7,57,dilution,-0.5289722510932267,,0.59,0.15357831546473924,0.20764740872298973,0,fine
7,58,dilution,-0.4978562363230369,,0.635,0.16409281773080098,0.23144958701969784,0,fine
7,59,dilution,-0.46674022155284706,,0.68,0.17499926491117263,0.24378061951776758,0,fine
7,60,dilution,-0.4356242067826573,,0.77,0.18629768766735824,0.25706639780748775,0,fine
7,61,dilution,-0.40450819201246746,,0.8,0.19798654788387657,0.26606598321569547,0,fine
7,62,dilution,-0.3733921772422777,,0.84,0.21006263668656605,0.271755713342947,0,fine
7,63,dilution,-0.34227616247208786,,0.79,0.2225209815905683,0.2850712603576565,0,fine
7,64,dilution,-0.31116014770189804,,0.87,0.2353547650536356,0.2814113963957924,0,fine
7,65,dilution,-0.28004413293170827,,0.9,0.24855525672576018,0.310081409168378,0,fine
7,66,dilution,-0.24892811816151844,,0.935,0.26211176164300953,0.3212895941699168,0,fine
7,67,dilution,-0.21781210339132864,,0.935,0.27601158650566704,0.3312776096860597,0,fine
7,68,dilution,-0.18669608862113884,,0.97,0.29024002600392274,0.3475479551011236,0,fine
7,69,dilution,-0.15558007385094902,,0.97,0.30478037090622473,0.3586357305159752,0,fine
7,70,dilution,-0.12446405908075922,,0.985,0.3196139393065501,0.3923789580348614,0,fine
7,71,dilution,-0.09334804431056942,,0.99,0.33472013204082873,0.3978219464031346,0,fine
7,72,dilution,-0.06223202954037961,,1.0,0.35007651283632724,0.39637917507358716,0,fine
7,73,dilution,-0.031116014770189805,,1.0,0.3656589132610395,0.4173266595621174,0,fine
7,74,enhancement,0.0,,0.995,0.3814415620061713,0.42953528405955355,0,fine
7,75,enhancement,0.04780325383172036,,1.0,0.40601552224107207,0.4725735667274297,0,fine
7,76,enhancement,0.09560650766344073,,1.0,0.4308931852342534,0.4771269048116666,0,fine
7,77,enhancement,0.1434097614951611,,1.0,0.45596483074851724,0.5122948480963598,0,fine
7,78,enhancement,0.19121301532688145,,1.0,0.48111724452782534,0.5212720946659104,0,fine
7,79,enhancement,0.2390162691586018,,1.0,0.5062357455316912,0.549186670427692,0,fine
7,80,enhancement,0.2868195229903222,,1.0,0.5312062694474684,0.5608581788132585,0,fine
7,81,enhancement,0.33462277682204256,,1.0,0.555917428495578,0.5890207942500575,0,fine
7,82,enhancement,0.3824260306537629,,1.0,0.580262469095677,0.6227396193083596,0,fine
7,83,enhancement,0.43022928448548325,,1.0,0.6041410555915422,0.6416616022605401,0,fine
7,84,enhancement,0.4780325383172036,,1.0,0.6274608192884612,0.6519192770862161,0,fine
7,85,enhancement,0.525835792148924,,1.0,0.6501386264816367,0.677137374531064,0,fine
7,86,enhancement,0.5736390459806444,,1.0,0.6721015356239028,0.6976323843075211,0,fine
7,87,enhancement,0.6214422998123648,,1.0,0.6932874308742507,0.7196348451822928,0,fine
7,88,enhancement,0.6692455536440851,,1.0,0.713645335632191,0.7377163164334952,0,fine
7,89,enhancement,0.7170488074758055,,1.0,0.7331354241532131,0.7534239593304582,0,fine
7,90,enhancement,0.7648520613075258,,1.0,0.7517287611201425,0.7786180584347804,0,fine
7,91,enhancement,0.8126553151392462,,1.0,0.7694068076283155,0.7830154759581728,0,fine
7,92,enhancement,0.8604585689709665,,1.0,0.786160737290415,0.8118603425175186,0,fine
7,93,enhancement,0.9082618228026869,,1.0,0.8019906082428395,0.8223593760114954,0,fine
7,94,enhancement,0.9560650766344072,,1.0,0.8169044361334042,0.8360673240360771,0,fine
7,95,enhancement,1.0038683304661276,,1.0,0.830917210231329,0.8464728082772323,0,fine
7,96,enhancement,1.051671584297848,,1.0,0.8440498902323867,0.8567761015157687,0,fine
7,97,enhancement,1.0994748381295683,,1.0,0.8563284157387397,0.8706900259333653,0,fine
7,98,enhancement,1.1472780919612888,,1.0,0.867782754322169,0.8778482014389565,0,fine
7,99,enhancement,1.1950813457930092,,1.0,0.8784460079889902,0.891541469980368,0,fine
7,100,enhancement,1.2428845996247295,,1.0,0.888353592106905,0.9004789859882267,0,fine
7,101,enhancement,1.2906878534564499,,1.0,0.8975424956728466,0.9059735167583596,0,fine
7,102,enhancement,1.3384911072881702,,1.0,0.906050627342502,0.9141072899595676,0,fine
7,103,enhancement,1.3862943611198906,,1.0,0.9139162479693794,0.9211231979928702,0,fine
8,0,dilution,-2.3025850929940455,,0.045,0.0,0.006455190440135678,0,fine
8,1,dilution,-2.2714690782238556,,0.06,0.0,0.014741004333439807,0,fine
8,2,dilution,-2.240353063453666,,0.07,0.0,0.007075306171557037,0,fine
8,3,dilution,-2.2092370486834763,,0.065,0.0,0.012475256657505257,0,fine
8,4,dilution,-2.1781210339132864,,0.09,0.0,0.01828203015977843,0,fine
8,5,dilution,-2.1470050191430965,,0.115,0.0,0.026296948512563874,0,fine
8,6,dilution,-2.1158890043729066,,0.075,0.0,0.023230768644516776,0,fine
8,7,dilution,-2.0847729896027167,,0.095,0.0,0.0172427154502121,0,fine
8,8,dilution,-2.0536569748325273,,0.08,0.0,0.013551125588633493,0,fine
8,9,dilution,-2.0225409600623374,,0.07,0.0,0.01388015036928466,0,fine
8,10,dilution,-1.9914249452921475,,0.08,0.0,0.019174414771209604,0,fine
8,11,dilution,-1.9603089305219576,,0.085,0.0,0.02316218090549189,0,fine
8,12,dilution,-1.929192915751768,,0.095,0.0,0.025553935244564712,0,fine
8,13,dilution,-1.898076900981578,,0.125,0.0,0.0253658643447048,0,fine
8,14,dilution,-1.8669608862113882,,0.12,0.0,0.02499404090886387,0,fine
8,15,dilution,-1.8358448714411986,,0.1,0.0,0.019040347040910444,0,fine
8,16,dilution,-1.8047288566710087,,0.09,0.0,0.032452800680615866,0,fine
8,17,dilution,-1.7736128419008188,,0.075,0.0,0.022435517578390716,0,fine
8,18,dilution,-1.7424968271306291,,0.075,0.0,0.030162686401634966,0,fine
8,19,dilution,-1.7113808123604393,,0.11,0.0,0.028654995390031753,0,fine
8,20,dilution,-1.6802647975902494,,0.14,0.0,0.04911831306191628,0,fine
8,21,dilution,-1.6491487828200597,,0.135,0.0,0.05519016159957323,0,fine
8,22,dilution,-1.6180327680498698,,0.14,0.0,0.04932717696277363,0,fine
8,23,dilution,-1.58691675327968,,0.105,0.0,0.03869931671110665,0,fine
8,24,dilution,-1.5558007385094903,,0.11,0.0,0.04450926542026424,0,fine
8,25,dilution,-1.5246847237393004,,0.125,0.0,0.04762425323556684,0,fine
8,26,dilution,-1.4935687089691108,,0.12,0.0,0.05176738710436285,0,fine
8,27,dilution,-1.4624526941989209,,0.09,0.0,0.04401628876460507,0,fine
8,28,dilution,-1.431336679428731,,0.115,0.0,0.052563189411379836,0,fine
8,29,dilution,-1.4002206646585413,,0.135,0.0,0.05772426322327302,0,fine
8,30,dilution,-1.3691046498883515,,0.145,0.0,0.06105491832716746,0,fine
8,31,dilution,-1.3379886351181616,,0.12,0.0,0.04863977205883984,0,fine
8,32,dilution,-1.306872620347972,,0.1,0.0,0.05158742074978621,0,fine
8,33,dilution,-1.275756605577782,,0.17,0.0019714858345666114,0.066824562587035,0,fine
8,34,dilution,-1.2446405908075922,,0.155,0.005284604731185878,0.06914005048745553,0,fine
8,35,dilution,-1.2135245760374025,,0.145,0.008786380713526675,0.06836210559673615,0,fine
8,36,dilution,-1.1824085612672126,,0.18,0.012486023539912206,0.07297536781994773,0,fine
8,37,dilution,-1.1512925464970227,,0.16,0.016393003411842844,0.07353528480588699,0,fine
8,38,dilution,-1.120176531726833,,0.17,0.02051703361907035,0.0764935112853027,0,fine
8,39,dilution,-1.0890605169566432,,0.205,0.024868049235126283,0.08783501661847026,0,fine
8,40,dilution,-1.0579445021864533,,0.245,0.02945618149984715,0.09747658156500483,0,fine
8,41,dilution,-1.0268284874162636,,0.225,0.034291727523868124,0.09265938416005262,0,fine
8,42,dilution,-0.9957124726460738,,0.195,0.0393851149547902,0.0899572631416023,0,fine
8,43,dilution,-0.964596457875884,,0.325,0.044746861257020314,0.11705412051872041,0,fine
8,44,dilution,-0.9334804431056941,,0.32,0.05038752727850912,0.11085589887590981,0,fine
8,45,dilution,-0.9023644283355043,,0.275,0.05631766480904277,0.1136428060065662,0,fine
8,46,dilution,-0.8712484135653146,,0.35,0.06254775787787022,0.1331660092703855,0,fine
8,47,dilution,-0.8401323987951247,,0.38,0.06908815759456785,0.13205313096548207,0,fine
8,48,dilution,-0.8090163840249349,,0.405,0.07594901040741865,0.13506560649079216,0,fine
8,49,dilution,-0.7779003692547451,,0.455,0.08314017973934658,0.1565134657514738,0,fine
8,50,dilution,-0.7467843544845554,,0.415,0.09067116106343841,0.148738198354093,0,fine
8,51,dilution,-0.7156683397143655,,0.45,0.0985509905988278,0.13983589047787068,0,fine
8,52,dilution,-0.6845523249441757,,0.52,0.10678814794328892,0.1621952768064547,0,fine
8,53,dilution,-0.653436310173986,,0.53,0.11539045311083124,0.174423617552918,0,fine
8,54,dilution,-0.6223202954037961,,0.55,0.12436495860975107,0.19217321101693463,0,fine
8,55,dilution,-0.5912042806336063,,0.64,0.13371783737709678,0.19969215089519607,0,fine
8,56,dilution,-0.5600882658634165,,0.66,0.14345426757656027,0.2099423874021582,0,fine
8,57,dilution,-0.5289722510932267,,0.7,0.15357831546473924,0.21006872482953046,0,fine
8,58,dilution,-0.4978562363230369,,0.745,0.16409281773080098,0.23058977327363359,0,fine
8,59,dilution,-0.46674022155284706,,0.78,0.17499926491117263,0.2145670550855789,0,fine
8,60,dilution,-0.4356242067826573,,0.885,0.18629768766735824,0.24390714641231434,0,fine
8,61,dilution,-0.40450819201246746,,0.875,0.19798654788387657,0.2594165980693126,0,fine
8,62,dilution,-0.3733921772422777,,0.875,0.21006263668656605,0.2778542790698918,0,fine
8,63,dilution,-0.34227616247208786,,0.91,0.2225209815905683,0.2865471764082126,0,fine
8,64,dilution,-0.31116014770189804,,0.98,0.2353547650536356,0.2992120064266468,0,fine
8,65,dilution,-0.28004413293170827,,0.975,0.24855525672576018,0.3110693628142077,0,fine
8,66,dilution,-0.24892811816151844,,0.965,0.26211176164300953,0.313558652598543,0,fine
8,67,dilution,-0.21781210339132864,,0.98,0.27601158650566704,0.3277269177632903,0,fine
8,68,dilution,-0.18669608862113884,,1.0,0.29024002600392274,0.3404427309860531,0,fine
8,69,dilution,-0.15558007385094902,,0.985,0.30478037090622473,0.3684492161281564,0,fine
8,70,dilution,-0.12446405908075922,,0.995,0.3196139393065501,0.37965389073972416,0,fine
8,71,dilution,-0.09334804431056942,,1.0,0.33472013204082873,0.3910762159906125,0,fine
8,72,dilution,-0.06223202954037961,,1.0,0.35007651283632724,0.41347978806944113,0,fine
8,73,dilution,-0.031116014770189805,,1.0,0.3656589132610395,0.42161537234686064,0,fine
8,74,enhancement,0.0,,1.0,0.3814415620061713,0.422176395822609,0,fine
8,75,enhancement,0.04780325383172036,,0.995,0.40601552224107207,0.4618382226383881,0,fine
8,76,enhancement,0.09560650766344073,,1.0,0.4308931852342534,0.4846464307114311,0,fine
8,77,enhancement,0.1434097614951611,,1.0,0.45596483074851724,0.49205612979620234,0,fine
8,78,enhancement,0.19121301532688145,,1.0,0.48111724452782534,0.5201434418935227,0,fine
8,79,enhancement,0.2390162691586018,,1.0,0.5062357455316912,0.5534866432515028,0,fine
8,80,enhancement,0.2868195229903222,,1.0,0.5312062694474684,0.5774500416147322,0,fine
8,81,enhancement,0.33462277682204256,,1.0,0.555917428495578,0.5879772844028257,0,fine
8,82,enhancement,0.3824260306537629,,1.0,0.580262469095677,0.6058738691747763,0,fine
8,83,enhancement,0.43022928448548325,,1.0,0.6041410555915422,0.6427687915080341,0,fine
8,84,enhancement,0.4780325383172036,,1.0,0.6274608192884612,0.6623768914890696,0,fine
8,85,enhancement,0.525835792148924,,1.0,0.6501386264816367,0.6802192738671274,0,fine
8,86,enhancement,0.5736390459806444,,1.0,0.6721015356239028,0.7059937793691802,0,fine
8,87,enhancement,0.6214422998123648,,1.0,0.6932874308742507,0.7120191560347692,0,fine
8,88,enhancement,0.6692455536440851,,1.0,0.713645335632191,0.7332842542321343,0,fine
8,89,enhancement,0.7170488074758055,,1.0,0.7331354241532131,0.7642016436874951,0,fine
8,90,enhancement,0.7648520613075258,,1.0,0.7517287611201425,0.7735084585525897,0,fine
8,91,enhancement,0.8126553151392462,,1.0,0.7694068076283155,0.7849385422541951,0,fine
8,92,enhancement,0.8604585689709665,,1.0,0.786160737290415,0.8039026955068885,0,fine
8,93,enhancement,0.9082618228026869,,1.0,0.8019906082428395,0.8184970089105551,0,fine
8,94,enhancement,0.9560650766344072,,1.0,0.8169044361334042,0.8367714521598315,0,fine
8,95,enhancement,1.0038683304661276,,1.0,0.830917210231329,0.8469592347717488,0,fine
8,96,enhancement,1.051671584297848,,1.0,0.8440498902323867,0.8593703144601196,0,fine
8,97,enhancement,1.0994748381295683,,1.0,0.8563284157387397,0.8705284651936046,0,fine
8,98,enhancement,1.1472780919612888,,1.0,0.867782754322169,0.87934059999276,0,fine
8,99,enhancement,1.1950813457930092,,1.0,0.8784460079889902,0.893284027208595,0,fine
8,100,enhancement,1.2428845996247295,,1.0,0.888353592106905,0.8983206976864426,0,fine
8,101,enhancement,1.2906878534564499,,1.0,0.8975424956728466,0.9097603222874625,0,fine
8,102,enhancement,1.3384911072881702,,1.0,0.906050627342502,0.9146900843935453,0,fine
8,103,enhancement,1.3862943611198906,,1.0,0.9139162479693794,0.9245893958132376,0,fine
9,0,dilution,-2.3025850929940455,,0.085,0.0,0.015641142979802135,0,fine
9,1,dilution,-2.2714690782238556,,0.08,0.0,0.00994731480651777,0,fine
9,2,dilution,-2.240353063453666,,0.045,0.0,0.0036651435489607254,0,fine
9,3,dilution,-2.2092370486834763,,0.07,0.0,0.015815609877615558,0,fine
9,4,dilution,-2.1781210339132864,,0.105,0.0,0.021060553820555147,0,fine
9,5,dilution,-2.1470050191430965,,0.09,0.0,0.022970520488659288,0,fine
9,6,dilution,-2.1158890043729066,,0.08,0.0,0.01491668330458421,0,fine
9,7,dilution,-2.0847729896027167,,0.11,0.0,0.02173959496179263,0,fine
9,8,dilution,-2.0536569748325273,,0.105,0.0,0.02159166563637471,0,fine
9,9,dilution,-2.0225409600623374,,0.07,0.0,0.017630239317446565,0,fine
9,10,dilution,-1.9914249452921475,,0.07,0.0,0.01788787366949511,0,fine
9,11,dilution,-1.9603089305219576,,0.085,0.0,0.022100501930486193,0,fine
9,12,dilution,-1.929192915751768,,0.09,0.0,0.026283343557403745,0,fine
9,13,dilution,-1.898076900981578,,0.09,0.0,0.022099889823904144,0,fine
9,14,dilution,-1.8669608862113882,,0.075,0.0,0.02614907478902051,0,fine
9,15,dilution,-1.8358448714411986,,0.075,0.0,0.023887879379687383,0,fine
9,16,dilution,-1.8047288566710087,,0.065,0.0,0.027273974334180762,0,fine
9,17,dilution,-1.7736128419008188,,0.095,0.0,0.023907031798616318,0,fine
9,18,dilution,-1.7424968271306291,,0.11,0.0,0.04064987895452614,0,fine
9,19,dilution,-1.7113808123604393,,0.105,0.0,0.03519652427406253,0,fine
9,20,dilution,-1.6802647975902494,,0.095,0.0,0.019973777951953462,0,fine
9,21,dilution,-1.6491487828200597,,0.08,0.0,0.02890098240393439,0,fine
9,22,dilution,-1.6180327680498698,,0.125,0.0,0.04357805987817743,0,fine
9,23,dilution,-1.58691675327968,,0.08,0.0,0.029569709237192664,0,fine
9,24,dilution,-1.5558007385094903,,0.095,0.0,0.030754244114262735,0,fine
9,25,dilution,-1.5246847237393004,,0.15,0.0,0.05144303539263527,0,fine
9,26,dilution,-1.4935687089691108,,0.115,0.0,0.03694735660654028,0,fine
9,27,dilution,-1.4624526941989209,,0.17,0.0,0.0497059339722242,0,fine
9,28,dilution,-1.431336679428731,,0.125,0.0,0.047392793761705486,0,fine
9,29,dilution,-1.4002206646585413,,0.16,0.0,0.061443944840815445,0,fine
9,30,dilution,-1.3691046498883515,,0.2,0.0,0.0683820284298524,0,fine
9,31,dilution,-1.3379886351181616,,0.175,0.0,0.0567420822607367,0,fine
9,32,dilution,-1.306872620347972,,0.11,0.0,0.050817092192585275,0,fine
9,33,dilution,-1.275756605577782,,0.125,0.0019714858345666114,0.05144333108631789,0,fine
9,34,dilution,-1.2446405908075922,,0.145,0.005284604731185878,0.05280503071834389,0,fine
9,35,dilution,-1.2135245760374025,,0.21,0.008786380713526675,0.07269568680286216,0,fine
9,36,dilution,-1.1824085612672126,,0.14,0.012486023539912206,0.07223946302348692,0,fine
9,37,dilution,-1.1512925464970227,,0.195,0.016393003411842844,0.07983850447543026,0,fine
9,38,dilution,-1.120176531726833,,0.22,0.02051703361907035,0.07918706024085506,0,fine
9,39,dilution,-1.0890605169566432,,0.25,0.024868049235126283,0.0918161078491809,0,fine
9,40,dilution,-1.0579445021864533,,0.235,0.02945618149984715,0.08551293830118936,0,fine
9,41,dilution,-1.0268284874162636,,0.245,0.034291727523868124,0.09489372777204519,0,fine
9,42,dilution,-0.9957124726460738,,0.265,0.0393851149547902,0.09987089894704876,0,fine
9,43,dilution,-0.964596457875884,,0.265,0.044746861257020314,0.10270716124901716,0,fine
9,44,dilution,-0.9334804431056941,,0.31,0.05038752727850912,0.1060586236526612,0,fine
9,45,dilution,-0.9023644283355043,,0.375,0.05631766480904277,0.12602098089340552,0,fine
9,46,dilution,-0.8712484135653146,,0.385,0.06254775787787022,0.1223868917790676,0,fine
9,47,dilution,-0.8401323987951247,,0.42,0.06908815759456785,0.12441126719884865,0,fine
9,48,dilution,-0.8090163840249349,,0.4,0.07594901040741865,0.1342108352120706,0,fine
9,49,dilution,-0.7779003692547451,,0.54,0.08314017973934658,0.14624290740860005,0,fine
9,50,dilution,-0.7467843544845554,,0.55,0.09067116106343841,0.15325924789527257,0,fine
9,51,dilution,-0.7156683397143655,,0.555,0.0985509905988278,0.1529038335975081,0,fine
9,52,dilution,-0.6845523249441757,,0.585,0.10678814794328892,0.15775629160000412,0,fine
9,53,dilution,-0.653436310173986,,0.68,0.11539045311083124,0.18231724680758546,0,fine
9,54,dilution,-0.6223202954037961,,0.685,0.12436495860975107,0.17997330047075163,0,fine
9,55,dilution,-0.5912042806336063,,0.725,0.13371783737709678,0.20183518017099375,0,fine
9,56,dilution,-0.5600882658634165,,0.775,0.14345426757656027,0.20925269142286892,0,fine
9,57,dilution,-0.5289722510932267,,0.76,0.15357831546473924,0.21563341533558053,0,fine
9,58,dilution,-0.4978562363230369,,0.84,0.16409281773080098,0.22464085558384192,0,fine
9,59,dilution,-0.46674022155284706,,0.875,0.17499926491117263,0.24292178213816523,0,fine
9,60,dilution,-0.4356242067826573,,0.895,0.18629768766735824,0.23694515282833215,0,fine
9,61,dilution,-0.40450819201246746,,0.885,0.19798654788387657,0.25125671009081774,0,fine
9,62,dilution,-0.3733921772422777,,0.94,0.21006263668656605,0.27273967320279985,0,fine
9,63,dilution,-0.34227616247208786,,0.95,0.2225209815905683,0.28376520026082797,0,fine
9,64,dilution,-0.31116014770189804,,0.96,0.2353547650536356,0.2832848898719061,0,fine
9,65,dilution,-0.28004413293170827,,0.98,0.24855525672576018,0.315534267848266,0,fine
9,66,dilution,-0.24892811816151844,,0.985,0.26211176164300953,0.3249348656081751,0,fine
9,67,dilution,-0.21781210339132864,,1.0,0.27601158650566704,0.3301120926226177,0,fine
9,68,dilution,-0.18669608862113884,,0.99,0.29024002600392274,0.330024881315501,0,fine
9,69,dilution,-0.15558007385094902,,1.0,0.30478037090622473,0.35050692616523593,0,fine
9,70,dilution,-0.12446405908075922,,1.0,0.3196139393065501,0.38257655562073434,0,fine
9,71,dilution,-0.09334804431056942,,1.0,0.33472013204082873,0.39230939410988386,0,fine
9,72,dilution,-0.06223202954037961,,1.0,0.35007651283632724,0.4019571403689391,0,fine
9,73,dilution,-0.031116014770189805,,1.0,0.3656589132610395,0.4238538189354375,0,fine
9,74,enhancement,0.0,,1.0,0.3814415620061713,0.4219263314102587,0,fine
9,75,enhancement,0.04780325383172036,,1.0,0.40601552224107207,0.45140152556399005,0,fine
9,76,enhancement,0.09560650766344073,,1.0,0.4308931852342534,0.4639092804985777,0,fine
9,77,enhancement,0.1434097614951611,,1.0,0.45596483074851724,0.49601834285483365,0,fine
9,78,enhancement,0.19121301532688145,,1.0,0.48111724452782534,0.5307154426901005,0,fine
9,79,enhancement,0.2390162691586018,,1.0,0.5062357455316912,0.5503711496206706,0,fine
9,80,enhancement,0.2868195229903222,,1.0,0.5312062694474684,0.569652738184385,0,fine
9,81,enhancement,0.33462277682204256,,1.0,0.555917428495578,0.5953232920037156,0,fine
9,82,enhancement,0.3824260306537629,,1.0,0.580262469095677,0.619060268535121,0,fine
9,83,enhancement,0.43022928448548325,,1.0,0.6041410555915422,0.6322526768356765,0,fine
9,84,enhancement,0.4780325383172036,,1.0,0.6274608192884612,0.6599012032223531,0,fine
9,85,enhancement,0.525835792148924,,1.0,0.6501386264816367,0.6831549634614461,0,fine
9,86,enhancement,0.5736390459806444,,1.0,0.6721015356239028,0.7007317718032269,0,fine
9,87,enhancement,0.6214422998123648,,1.0,0.6932874308742507,0.71857680158612,0,fine
9,88,enhancement,0.6692455536440851,,1.0,0.713645335632191,0.7435588830413926,0,fine
9,89,enhancement,0.7170488074758055,,1.0,0.7331354241532131,0.7571993251030608,0,fine
9,90,enhancement,0.7648520613075258,,1.0,0.7517287611201425,0.7741497514982462,0,fine
9,91,enhancement,0.8126553151392462,,1.0,0.7694068076283155,0.7881997870220596,0,fine
9,92,enhancement,0.8604585689709665,,1.0,0.786160737290415,0.8106713595301213,0,fine
9,93,enhancement,0.9082618228026869,,1.0,0.8019906082428395,0.8190229768625812,0,fine
9,94,enhancement,0.9560650766344072,,1.0,0.8169044361334042,0.8342045354738786,0,fine
9,95,enhancement,1.0038683304661276,,1.0,0.830917210231329,0.8478588877795165,0,fine
9,96,enhancement,1.051671584297848,,1.0,0.8440498902323867,0.856968403162073,0,fine
9,97,enhancement,1.0994748381295683,,1.0,0.8563284157387397,0.8732408628519592,0,fine
9,98,enhancement,1.1472780919612888,,1.0,0.867782754322169,0.879061763210899,0,fine
9,99,enhancement,1.1950813457930092,,1.0,0.8784460079889902,0.8895581693677544,0,fine
9,100,enhancement,1.2428845996247295,,1.0,0.888353592106905,0.9008119959421466,0,fine
9,101,enhancement,1.2906878534564499,,1.0,0.8975424956728466,0.9081774256606069,0,fine
9,102,enhancement,1.3384911072881702,,1.0,0.906050627342502,0.9144899947763608,0,fine
9,103,enhancement,1.3862943611198906,,1.0,0.9139162479693794,0.9222632164039155,0,fine
11,0,dilution,-2.3025850929940455,,0.045,0.0,0.004424870842798689,0,fine_stability
11,1,dilution,-2.2714690782238556,,0.08,0.0,0.01432056002575507,0,fine_stability
11,2,dilution,-2.240353063453666,,0.035,0.0,0.009117934584312065,0,fine_stability
11,3,dilution,-2.2092370486834763,,0.09,0.0,0.018886239492780916,0,fine_stability
11,4,dilution,-2.1781210339132864,,0.09,0.0,0.016667622361800423,0,fine_stability
11,5,dilution,-2.1470050191430965,,0.105,0.0,0.02017729107474093,0,fine_stability
11,6,dilution,-2.1158890043729066,,0.07,0.0,0.011547032840913567,0,fine_stability
11,7,dilution,-2.0847729896027167,,0.055,0.0,0.013076222409988519,0,fine_stability
11,8,dilution,-2.0536569748325273,,0.06,0.0,0.014801005861704873,0,fine_stability
11,9,dilution,-2.0225409600623374,,0.065,0.0,0.014782587651216943,0,fine_stability
11,10,dilution,-1.9914249452921475,,0.075,0.0,0.011538567220279081,0,fine_stability
11,11,dilution,-1.9603089305219576,,0.065,0.0,0.013313430243316634,0,fine_stability
11,12,dilution,-1.929192915751768,,0.075,0.0,0.018765547687231425,0,fine_stability
11,13,dilution,-1.898076900981578,,0.1,0.0,0.016582360332960445,0,fine_stability
11,14,dilution,-1.8669608862113882,,0.065,0.0,0.018057790189051896,0,fine_stability
11,15,dilution,-1.8358448714411986,,0.095,0.0,0.026130788055884153,0,fine_stability
11,16,dilution,-1.8047288566710087,,0.1,0.0,0.027059051603344937,0,fine_stability
11,17,dilution,-1.7736128419008188,,0.09,0.0,0.0259606722580891,0,fine_stability
11,18,dilution,-1.7424968271306291,,0.105,0.0,0.029334267605862684,0,fine_stability
11,19,dilution,-1.7113808123604393,,0.09,0.0,0.02594217682297339,0,fine_stability
11,20,dilution,-1.6802647975902494,,0.105,0.0,0.03423076542800974,0,fine_stability
11,21,dilution,-1.6491487828200597,,0.105,0.0,0.030492096592886195,0,fine_stability
11,22,dilution,-1.6180327680498698,,0.12,0.0,0.039141222101937684,0,fine_stability
11,23,dilution,-1.58691675327968,,0.1,0.0,0.033235046240270245,0,fine_stability
11,24,dilution,-1.5558007385094903,,0.14,0.0,0.04004861565856203,0,fine_stability
11,25,dilution,-1.5246847237393004,,0.135,0.0,0.042752653549606105,0,fine_stability
11,26,dilution,-1.4935687089691108,,0.13,0.0,0.044488081476871104,0,fine_stability
11,27,dilution,-1.4624526941989209,,0.12,0.0,0.04419010663788337,0,fine_stability
11,28,dilution,-1.431336679428731,,0.135,0.0,0.05041015898760581,0,fine_stability
11,29,dilution,-1.4002206646585413,,0.15,0.0,0.05038897585386995,0,fine_stability
11,30,dilution,-1.3691046498883515,,0.13,0.0,0.04207541098883972,0,fine_stability
11,31,dilution,-1.3379886351181616,,0.18,0.0,0.055207298940106835,0,fine_stability
11,32,dilution,-1.306872620347972,,0.18,0.0,0.05201798175607952,0,fine_stability
11,33,dilution,-1.275756605577782,,0.205,0.0019714858345666114,0.06524384239010032,0,fine_stability
11,34,dilution,-1.2446405908075922,,0.215,0.005284604731185878,0.058129415494777216,0,fine_stability
11,35,dilution,-1.2135245760374025,,0.205,0.008786380713526675,0.07091907535701444,0,fine_stability
11,36,dilution,-1.1824085612672126,,0.24,0.012486023539912206,0.07597940603361816,0,fine_stability
11,37,dilution,-1.1512925464970227,,0.25,0.016393003411842844,0.07690708872734335,0,fine_stability
11,38,dilution,-1.120176531726833,,0.28,0.02051703361907035,0.08501561581133568,0,fine_stability
11,39,dilution,-1.0890605169566432,,0.265,0.024868049235126283,0.08124377825826412,0,fine_stability
11,40,dilution,-1.0579445021864533,,0.345,0.02945618149984715,0.10368758732369669,0,fine_stability
11,41,dilution,-1.0268284874162636,,0.33,0.034291727523868124,0.09161270276561018,0,fine_stability
11,42,dilution,-0.9957124726460738,,0.38,0.0393851149547902,0.10273553846385404,0,fine_stability
11,43,dilution,-0.964596457875884,,0.375,0.044746861257020314,0.10476289391239627,0,fine_stability
11,44,dilution,-0.9334804431056941,,0.425,0.05038752727850912,0.10175568034302081,0,fine_stability
11,45,dilution,-0.9023644283355043,,0.53,0.05631766480904277,0.12965002777345302,0,fine_stability
11,46,dilution,-0.8712484135653146,,0.535,0.06254775787787022,0.11623162727160392,0,fine_stability
11,47,dilution,-0.8401323987951247,,0.485,0.06908815759456785,0.1307075922876306,0,fine_stability
11,48,dilution,-0.8090163840249349,,0.63,0.07594901040741865,0.14096336686052618,0,fine_stability
11,49,dilution,-0.7779003692547451,,0.625,0.08314017973934658,0.14623691678052636,0,fine_stability
11,50,dilution,-0.7467843544845554,,0.66,0.09067116106343841,0.15663017775636615,0,fine_stability
11,51,dilution,-0.7156683397143655,,0.725,0.0985509905988278,0.15500940366900925,0,fine_stability
11,52,dilution,-0.6845523249441757,,0.73,0.10678814794328892,0.15817406640875512,0,fine_stability
11,53,dilution,-0.653436310173986,,0.795,0.11539045311083124,0.17824669024201234,0,fine_stability
11,54,dilution,-0.6223202954037961,,0.85,0.12436495860975107,0.1865809566062457,0,fine_stability
11,55,dilution,-0.5912042806336063,,0.82,0.13371783737709678,0.18444863670682946,0,fine_stability
11,56,dilution,-0.5600882658634165,,0.845,0.14345426757656027,0.19781557721145682,0,fine_stability
11,57,dilution,-0.5289722510932267,,0.88,0.15357831546473924,0.2071456503101718,0,fine_stability
11,58,dilution,-0.4978562363230369,,0.905,0.16409281773080098,0.21898700970206042,0,fine_stability
11,59,dilution,-0.46674022155284706,,0.955,0.17499926491117263,0.22303163389186992,0,fine_stability
11,60,dilution,-0.4356242067826573,,0.955,0.18629768766735824,0.24257732118393846,0,fine_stability
11,61,dilution,-0.40450819201246746,,0.97,0.19798654788387657,0.2583566184016653,0,fine_stability
11,62,dilution,-0.3733921772422777,,0.995,0.21006263668656605,0.28079693658801497,0,fine_stability
11,63,dilution,-0.34227616247208786,,1.0,0.2225209815905683,0.2820940462316454,0,fine_stability
11,64,dilution,-0.31116014770189804,,0.995,0.2353547650536356,0.29243082059347,0,fine_stability
11,65,dilution,-0.28004413293170827,,0.99,0.24855525672576018,0.30354427281482527,0,fine_stability
11,66,dilution,-0.24892811816151844,,1.0,0.26211176164300953,0.3059699878275536,0,fine_stability
11,67,dilution,-0.21781210339132864,,1.0,0.27601158650566704,0.34030707172724983,0,fine_stability
11,68,dilution,-0.18669608862113884,,1.0,0.29024002600392274,0.35028462804292926,0,fine_stability
11,69,dilution,-0.15558007385094902,,1.0,0.30478037090622473,0.35737779158262867,0,fine_stability
11,70,dilution,-0.12446405908075922,,1.0,0.3196139393065501,0.3816078752558081,0,fine_stability
11,71,dilution,-0.09334804431056942,,1.0,0.33472013204082873,0.3916406581147453,0,fine_stability
11,72,dilution,-0.06223202954037961,,1.0,0.35007651283632724,0.39386554569067544,0,fine_stability
11,73,dilution,-0.031116014770189805,,1.0,0.3656589132610395,0.40420488993043363,0,fine_stability
11,74,enhancement,0.0,,1.0,0.3814415620061713,0.4337480968015538,0,fine_stability
11,75,enhancement,0.04780325383172036,,1.0,0.40601552224107207,0.4412784525936519,0,fine_stability
11,76,enhancement,0.09560650766344073,,1.0,0.4308931852342534,0.4699586113953522,0,fine_stability
11,77,enhancement,0.1434097614951611,,1.0,0.45596483074851724,0.4984172172982163,0,fine_stability
11,78,enhancement,0.19121301532688145,,1.0,0.48111724452782534,0.5199403276825554,0,fine_stability
11,79,enhancement,0.2390162691586018,,1.0,0.5062357455316912,0.5439847461980917,0,fine_stability
11,80,enhancement,0.2868195229903222,,1.0,0.5312062694474684,0.5683590821438748,0,fine_stability
11,81,enhancement,0.33462277682204256,,1.0,0.555917428495578,0.6001878753591187,0,fine_stability
11,82,enhancement,0.3824260306537629,,1.0,0.580262469095677,0.6213257089122473,0,fine_stability
11,83,enhancement,0.43022928448548325,,1.0,0.6041410555915422,0.6427945237273311,0,fine_stability
11,84,enhancement,0.4780325383172036,,1.0,0.6274608192884612,0.6603553283043321,0,fine_stability
11,85,enhancement,0.525835792148924,,1.0,0.6501386264816367,0.6949395890539318,0,fine_stability
11,86,enhancement,0.5736390459806444,,1.0,0.6721015356239028,0.7062820457977511,0,fine_stability
11,87,enhancement,0.6214422998123648,,1.0,0.6932874308742507,0.7227199522117632,0,fine_stability
11,88,enhancement,0.6692455536440851,,1.0,0.713645335632191,0.7358598091149102,0,fine_stability
11,89,enhancement,0.7170488074758055,,1.0,0.7331354241532131,0.7563886606286845,0,fine_stability
11,90,enhancement,0.7648520613075258,,1.0,0.7517287611201425,0.7775108862771458,0,fine_stability
11,91,enhancement,0.8126553151392462,,1.0,0.7694068076283155,0.7888829552863669,0,fine_stability
11,92,enhancement,0.8604585689709665,,1.0,0.786160737290415,0.8084334697156621,0,fine_stability
11,93,enhancement,0.9082618228026869,,1.0,0.8019906082428395,0.8192690366889398,0,fine_stability
11,94,enhancement,0.9560650766344072,,1.0,0.8169044361334042,0.8379246807925677,0,fine_stability
11,95,enhancement,1.0038683304661276,,1.0,0.830917210231329,0.8476823495216292,0,fine_stability
11,96,enhancement,1.051671584297848,,1.0,0.8440498902323867,0.856745341603816,0,fine_stability
11,97,enhancement,1.0994748381295683,,1.0,0.8563284157387397,0.8667759043016352,0,fine_stability
11,98,enhancement,1.1472780919612888,,1.0,0.867782754322169,0.8778209877882175,0,fine_stability
11,99,enhancement,1.1950813457930092,,1.0,0.8784460079889902,0.8895072171349565,0,fine_stability
11,100,enhancement,1.2428845996247295,,1.0,0.888353592106905,0.8987153518950671,0,fine_stability
11,101,enhancement,1.2906878534564499,,1.0,0.8975424956728466,0.9069618944881279,0,fine_stability
11,102,enhancement,1.3384911072881702,,1.0,0.906050627342502,0.9124943652827072,0,fine_stability
11,103,enhancement,1.3862943611198906,,1.0,0.9139162479693794,0.9224493269075384,0,fine_stability
