modality,panel,pilot,eval_n,true_omega2,power
protein,a,7,17,0.0,0.056
protein,a,7,17,0.010809642768565775,0.152
protein,a,7,17,0.03194356739735538,0.3
protein,a,7,17,0.06312332008182177,0.58
protein,a,7,17,0.10754669832096103,0.844
protein,a,7,17,0.16389835097921118,0.972
protein,a,7,17,0.2276260173519469,0.992
protein,a,7,17,0.28491004810472575,1.0
protein,a,7,17,0.3168984241109067,1.0
protein,a,7,17,0.5087875854604925,1.0
protein,a,7,17,0.6634765888702246,1.0
protein,a,7,17,0.6158290913747891,1.0
protein,a,10,17,0.0017258532311322295,0.06
protein,a,10,17,0.0011711878604641673,0.068
protein,a,10,17,0.019718637667282535,0.244
protein,a,10,17,0.05071686385398562,0.584
protein,a,10,17,0.10284361917377724,0.924
protein,a,10,17,0.1289685092370954,0.964
protein,a,10,17,0.16551529353149796,1.0
protein,a,10,17,0.1868113572505781,1.0
protein,a,10,17,0.22488086353753678,1.0
protein,a,10,17,0.3517023108478355,1.0
protein,a,10,17,0.36612600406681445,1.0
protein,a,10,17,0.3426365581685931,1.0
protein,a,19,17,0.0,0.06
protein,a,19,17,0.009899466296203172,0.156
protein,a,19,17,0.029101001454461945,0.336
protein,a,19,17,0.05939089835311906,0.532
protein,a,19,17,0.0982109702454674,0.764
protein,a,19,17,0.1346532626276961,0.952
protein,a,19,17,0.16956720004180706,0.996
protein,a,19,17,0.21209951222628462,1.0
protein,a,19,17,0.22352471323104187,1.0
protein,a,19,17,0.3739016851604979,1.0
protein,a,19,17,0.5322825110618172,1.0
protein,a,19,17,0.5921581181102825,1.0
protein,b,19,10,0.0008284750519537669,0.072
protein,b,19,10,0.018457205347634613,0.132
protein,b,19,10,0.028313224309804395,0.216
protein,b,19,10,0.055885673753219824,0.424
protein,b,19,10,0.08324197516000284,0.56
protein,b,19,10,0.14347006304810772,0.816
protein,b,19,10,0.17216921325078632,0.904
protein,b,19,10,0.2000717367923356,0.952
protein,b,19,10,0.22859565468932871,1.0
protein,b,19,10,0.3813503759506829,1.0
protein,b,19,10,0.5398597934423457,1.0
protein,b,19,10,0.5984554886352145,1.0
protein,b,19,17,0.0008284750519537669,0.068
protein,b,19,17,0.018457205347634613,0.284
protein,b,19,17,0.028313224309804395,0.348
protein,b,19,17,0.055885673753219824,0.604
protein,b,19,17,0.08324197516000284,0.832
protein,b,19,17,0.14347006304810772,0.98
protein,b,19,17,0.17216921325078632,0.992
protein,b,19,17,0.2000717367923356,1.0
protein,b,19,17,0.22859565468932871,1.0
protein,b,19,17,0.3813503759506829,1.0
protein,b,19,17,0.5398597934423457,1.0
protein,b,19,17,0.5984554886352145,1.0
protein,b,19,30,0.0008284750519537669,0.072
protein,b,19,30,0.018457205347634613,0.396
protein,b,19,30,0.028313224309804395,0.576
protein,b,19,30,0.055885673753219824,0.856
protein,b,19,30,0.08324197516000284,0.964
protein,b,19,30,0.14347006304810772,1.0
protein,b,19,30,0.17216921325078632,1.0
protein,b,19,30,0.2000717367923356,1.0
protein,b,19,30,0.22859565468932871,1.0
protein,b,19,30,0.3813503759506829,1.0
protein,b,19,30,0.5398597934423457,1.0
protein,b,19,30,0.5984554886352145,1.0
protein,b,19,50,0.0008284750519537669,0.132
protein,b,19,50,0.018457205347634613,0.568
protein,b,19,50,0.028313224309804395,0.744
protein,b,19,50,0.055885673753219824,0.964
protein,b,19,50,0.08324197516000284,0.992
protein,b,19,50,0.14347006304810772,1.0
protein,b,19,50,0.17216921325078632,1.0
protein,b,19,50,0.2000717367923356,1.0
protein,b,19,50,0.22859565468932871,1.0
protein,b,19,50,0.3813503759506829,1.0
protein,b,19,50,0.5398597934423457,1.0
protein,b,19,50,0.5984554886352145,1.0
protein,b,19,80,0.0008284750519537669,0.168
protein,b,19,80,0.018457205347634613,0.844
protein,b,19,80,0.028313224309804395,0.948
protein,b,19,80,0.055885673753219824,1.0
protein,b,19,80,0.08324197516000284,1.0
protein,b,19,80,0.14347006304810772,1.0
protein,b,19,80,0.17216921325078632,1.0
protein,b,19,80,0.2000717367923356,1.0
protein,b,19,80,0.22859565468932871,1.0
protein,b,19,80,0.3813503759506829,1.0
protein,b,19,80,0.5398597934423457,1.0
protein,b,19,80,0.5984554886352145,1.0
protein,c,7,80,0.0,0.084
protein,c,7,80,0.010809642768565775,0.536
protein,c,7,80,0.03194356739735538,0.944
protein,c,7,80,0.06312332008182177,1.0
protein,c,7,80,0.10754669832096103,1.0
protein,c,7,80,0.16389835097921118,1.0
protein,c,7,80,0.2276260173519469,1.0
protein,c,7,80,0.28491004810472575,1.0
protein,c,7,80,0.3168984241109067,1.0
protein,c,7,80,0.5087875854604925,1.0
protein,c,7,80,0.6634765888702246,1.0
protein,c,7,80,0.6158290913747891,1.0
protein,c,10,80,0.0017258532311322295,0.216
protein,c,10,80,0.0011711878604641673,0.24
protein,c,10,80,0.019718637667282535,0.848
protein,c,10,80,0.05071686385398562,1.0
protein,c,10,80,0.10284361917377724,1.0
protein,c,10,80,0.1289685092370954,1.0
protein,c,10,80,0.16551529353149796,1.0
protein,c,10,80,0.1868113572505781,1.0
protein,c,10,80,0.22488086353753678,1.0
protein,c,10,80,0.3517023108478355,1.0
protein,c,10,80,0.36612600406681445,1.0
protein,c,10,80,0.3426365581685931,1.0
protein,c,19,80,0.0,0.04
protein,c,19,80,0.009899466296203172,0.584
protein,c,19,80,0.029101001454461945,0.92
protein,c,19,80,0.05939089835311906,1.0
protein,c,19,80,0.0982109702454674,1.0
protein,c,19,80,0.1346532626276961,1.0
protein,c,19,80,0.16956720004180706,1.0
protein,c,19,80,0.21209951222628462,1.0
protein,c,19,80,0.22352471323104187,1.0
protein,c,19,80,0.3739016851604979,1.0
protein,c,19,80,0.5322825110618172,1.0
protein,c,19,80,0.5921581181102825,1.0
gene,a,4,10,0.0,0.052
gene,a,4,10,0.009107914295924063,0.116
gene,a,4,10,0.03649906691367918,0.164
gene,a,4,10,0.09064580290247529,0.392
gene,a,4,10,0.17234302860215073,0.644
gene,a,4,10,0.2572274610786912,0.868
gene,a,4,10,0.33683138119605055,0.968
gene,a,4,10,0.3978604803796418,1.0
gene,a,4,10,0.4909211247737776,1.0
gene,a,4,10,0.4917075183169643,1.0
gene,a,4,10,0.49260107692082533,1.0
gene,a,7,10,0.0,0.068
gene,a,7,10,0.020086581299185106,0.164
gene,a,7,10,0.05040851560241758,0.224
gene,a,7,10,0.09931022051214944,0.404
gene,a,7,10,0.16657335602025694,0.696
gene,a,7,10,0.247052291306643,0.876
gene,a,7,10,0.34128708522809925,0.988
gene,a,7,10,0.4287035765499923,0.996
gene,a,7,10,0.4728197813021453,1.0
gene,a,7,10,0.47588837518423593,1.0
gene,a,7,10,0.47437525156623844,1.0
gene,a,10,10,0.0013369585243007943,0.08
gene,a,10,10,0.007985422024377143,0.096
gene,a,10,10,0.04650156588085623,0.212
gene,a,10,10,0.10165796485512021,0.384
gene,a,10,10,0.1972034126580853,0.708
gene,a,10,10,0.24488413693429395,0.788
gene,a,10,10,0.31214888956844705,0.94
gene,a,10,10,0.3507277472471982,0.98
gene,a,10,10,0.4199845089516044,1.0
gene,a,10,10,0.41344255258933216,1.0
gene,a,10,10,0.45167057644520214,1.0
gene,b,10,6,0.00023217664502878893,0.064
gene,b,10,6,0.009661910105648675,0.044
gene,b,10,6,0.048171028149787874,0.124
gene,b,10,6,0.10117400381861258,0.236
gene,b,10,6,0.15944925162172155,0.392
gene,b,10,6,0.23630539685267685,0.628
gene,b,10,6,0.29521620322438885,0.776
gene,b,10,6,0.35383635537381974,0.904
gene,b,10,6,0.412003810134804,0.98
gene,b,10,6,0.4029587098964725,0.984
gene,b,10,6,0.4437540922809334,0.992
gene,b,10,10,0.00023217664502878893,0.064
gene,b,10,10,0.009661910105648675,0.104
gene,b,10,10,0.048171028149787874,0.212
gene,b,10,10,0.10117400381861258,0.436
gene,b,10,10,0.15944925162172155,0.624
gene,b,10,10,0.23630539685267685,0.836
gene,b,10,10,0.29521620322438885,0.952
gene,b,10,10,0.35383635537381974,1.0
gene,b,10,10,0.412003810134804,1.0
gene,b,10,10,0.4029587098964725,1.0
gene,b,10,10,0.4437540922809334,1.0
gene,b,10,30,0.00023217664502878893,0.04
gene,b,10,30,0.009661910105648675,0.164
gene,b,10,30,0.048171028149787874,0.592
gene,b,10,30,0.10117400381861258,0.888
gene,b,10,30,0.15944925162172155,0.996
gene,b,10,30,0.23630539685267685,1.0
gene,b,10,30,0.29521620322438885,1.0
gene,b,10,30,0.35383635537381974,1.0
gene,b,10,30,0.412003810134804,1.0
gene,b,10,30,0.4029587098964725,1.0
gene,b,10,30,0.4437540922809334,1.0
gene,b,10,50,0.00023217664502878893,0.084
gene,b,10,50,0.009661910105648675,0.24
gene,b,10,50,0.048171028149787874,0.86
gene,b,10,50,0.10117400381861258,0.988
gene,b,10,50,0.15944925162172155,1.0
gene,b,10,50,0.23630539685267685,1.0
gene,b,10,50,0.29521620322438885,1.0
gene,b,10,50,0.35383635537381974,1.0
gene,b,10,50,0.412003810134804,1.0
gene,b,10,50,0.4029587098964725,1.0
gene,b,10,50,0.4437540922809334,1.0
gene,b,10,80,0.00023217664502878893,0.096
gene,b,10,80,0.009661910105648675,0.388
gene,b,10,80,0.048171028149787874,0.944
gene,b,10,80,0.10117400381861258,1.0
gene,b,10,80,0.15944925162172155,1.0
gene,b,10,80,0.23630539685267685,1.0
gene,b,10,80,0.29521620322438885,1.0
gene,b,10,80,0.35383635537381974,1.0
gene,b,10,80,0.412003810134804,1.0
gene,b,10,80,0.4029587098964725,1.0
gene,b,10,80,0.4437540922809334,1.0
gene,c,4,80,0.0,0.032
gene,c,4,80,0.009107914295924063,0.38
gene,c,4,80,0.03649906691367918,0.92
gene,c,4,80,0.09064580290247529,0.996
gene,c,4,80,0.17234302860215073,1.0
gene,c,4,80,0.2572274610786912,1.0
gene,c,4,80,0.33683138119605055,1.0
gene,c,4,80,0.3978604803796418,1.0
gene,c,4,80,0.4909211247737776,1.0
gene,c,4,80,0.4917075183169643,1.0
gene,c,4,80,0.49260107692082533,1.0
gene,c,7,80,0.0,0.06
gene,c,7,80,0.020086581299185106,0.652
gene,c,7,80,0.05040851560241758,0.98
gene,c,7,80,0.09931022051214944,1.0
gene,c,7,80,0.16657335602025694,1.0
gene,c,7,80,0.247052291306643,1.0
gene,c,7,80,0.34128708522809925,1.0
gene,c,7,80,0.4287035765499923,1.0
gene,c,7,80,0.4728197813021453,1.0
gene,c,7,80,0.47588837518423593,1.0
gene,c,7,80,0.47437525156623844,1.0
gene,c,10,80,0.0013369585243007943,0.12
gene,c,10,80,0.007985422024377143,0.332
gene,c,10,80,0.04650156588085623,0.956
gene,c,10,80,0.10165796485512021,1.0
gene,c,10,80,0.1972034126580853,1.0
gene,c,10,80,0.24488413693429395,1.0
gene,c,10,80,0.31214888956844705,1.0
gene,c,10,80,0.3507277472471982,1.0
gene,c,10,80,0.4199845089516044,1.0
gene,c,10,80,0.41344255258933216,1.0
gene,c,10,80,0.45167057644520214,1.0
